student_id,full_name,email,register_number,program,department,year,section,faculty_advisor,hod_name,college_name,university_name,gpa,attendance_pct,backlogs,internal_marks_avg,lms_logins_per_week,assignments_delayed,library_visits_per_month,hostel,travel_time_minutes,first_gen_student,financial_stress_level,stress_level,dropout_risk
S0001,Student_1,student1@college.edu,REG20230001,MBA,ECE,1,A,Dr. Sharma,Prof. Singh,ABC Engineering College,XYZ University,5.71,42.69,3,64.78,0,1,15,1,57,0,5,4,Medium
S0002,Student_2,student2@college.edu,REG20230002,B.Tech,ECE,1,B,Dr. Sharma,Prof. Singh,ABC Engineering College,XYZ University,8.08,85.71,2,53.99,11,7,15,0,12,0,2,1,Medium
S0003,Student_3,student3@college.edu,REG20230003,MBA,EEE,3,B,Dr. Sharma,Prof. Singh,ABC Engineering College,XYZ University,8.48,96.8,1,57.78,7,0,2,0,22,0,2,2,Low
S0004,Student_4,student4@college.edu,REG20230004,MBA,ECE,3,A,Dr. Mehta,Prof. Kumar,ABC Engineering College,XYZ University,7.38,60.39,0,75.28,23,6,12,0,61,1,4,2,Medium
S0005,Student_5,student5@college.edu,REG20230005,B.Tech,CSE,2,A,Dr. Mehta,Prof. Singh,ABC Engineering College,XYZ University,7.78,71.03,0,83.49,15,4,13,1,116,0,1,5,Medium
S0006,Student_6,student6@college.edu,REG20230006,B.Tech,CIVIL,2,A,Dr. Mehta,Prof. Kumar,ABC Engineering College,XYZ University,6.06,62.73,4,41.68,17,7,7,0,9,1,3,4,High
S0007,Student_7,student7@college.edu,REG20230007,MBA,CIVIL,2,A,Dr. Mehta,Prof. Kumar,ABC Engineering College,XYZ University,6.96,40.4,3,69.91,3,0,11,1,30,1,2,3,Medium
S0008,Student_8,student8@college.edu,REG20230008,M.Tech,MECH,4,A,Dr. Sharma,Prof. Singh,ABC Engineering College,XYZ University,6.88,63.15,4,67.02,5,6,7,1,34,1,2,2,Medium
S0009,Student_9,student9@college.edu,REG20230009,MBA,ECE,1,A,Dr. Sharma,Prof. Singh,ABC Engineering College,XYZ University,8.66,87.5,4,41.51,11,4,8,1,58,1,1,4,Medium
S0010,Student_10,student10@college.edu,REG20230010,MBA,CSE,1,A,Dr. Sharma,Prof. Singh,ABC Engineering College,XYZ University,8.62,75.76,5,46.65,8,3,0,1,17,0,1,1,Medium
S0011,Student_11,student11@college.edu,REG20230011,MBA,MECH,2,C,Dr. Rao,Prof. Singh,ABC Engineering College,XYZ University,8.58,46.08,4,52.11,14,6,5,0,87,1,5,5,High
S0012,Student_12,student12@college.edu,REG20230012,MBA,EEE,1,B,Dr. Mehta,Prof. Singh,ABC Engineering College,XYZ University,4.06,90.83,5,44.18,15,9,18,1,33,1,3,1,High
S0013,Student_13,student13@college.edu,REG20230013,B.Tech,MECH,2,A,Dr. Mehta,Prof. Kumar,ABC Engineering College,XYZ University,8.12,71.87,0,48.41,23,1,10,0,7,0,1,2,Low
S0014,Student_14,student14@college.edu,REG20230014,MBA,MECH,4,C,Dr. Sharma,Prof. Singh,ABC Engineering College,XYZ University,8.17,90.5,0,49.72,11,0,10,1,94,1,2,2,Low
S0015,Student_15,student15@college.edu,REG20230015,M.Tech,ECE,4,C,Dr. Mehta,Prof. Singh,ABC Engineering College,XYZ University,7.73,74.81,4,53.46,23,0,12,0,108,1,2,1,Low
S0016,Student_16,student16@college.edu,REG20230016,B.Tech,EEE,3,C,Dr. Mehta,Prof. Kumar,ABC Engineering College,XYZ University,8.16,73.58,0,76.22,22,0,10,1,62,1,4,2,Low
S0017,Student_17,student17@college.edu,REG20230017,M.Tech,MECH,4,B,Dr. Sharma,Prof. Kumar,ABC Engineering College,XYZ University,8.63,46.32,3,66.46,13,4,17,0,80,0,1,4,Medium
S0018,Student_18,student18@college.edu,REG20230018,M.Tech,CSE,2,A,Dr. Rao,Prof. Singh,ABC Engineering College,XYZ University,6.59,50.04,5,89.24,12,9,14,1,6,1,5,2,High
S0019,Student_19,student19@college.edu,REG20230019,M.Tech,CSE,4,C,Dr. Rao,Prof. Kumar,ABC Engineering College,XYZ University,6.76,98.32,5,57.81,24,6,0,1,79,1,3,5,Medium
S0020,Student_20,student20@college.edu,REG20230020,M.Tech,CIVIL,3,B,Dr. Rao,Prof. Singh,ABC Engineering College,XYZ University,4.69,53.71,4,76.46,1,1,6,0,112,0,5,4,High
S0021,Student_21,student21@college.edu,REG20230021,B.Tech,EEE,1,B,Dr. Sharma,Prof. Kumar,ABC Engineering College,XYZ University,6.12,98.65,0,82.93,2,9,12,1,32,0,2,3,Medium
S0022,Student_22,student22@college.edu,REG20230022,B.Tech,EEE,2,B,Dr. Mehta,Prof. Kumar,ABC Engineering College,XYZ University,7.54,71.91,1,72.34,23,7,11,1,86,1,5,2,Medium
S0023,Student_23,student23@college.edu,REG20230023,M.Tech,CIVIL,1,C,Dr. Sharma,Prof. Singh,ABC Engineering College,XYZ University,8.29,48.15,5,57.65,21,3,17,1,81,1,2,2,Medium
S0024,Student_24,student24@college.edu,REG20230024,M.Tech,MECH,3,A,Dr. Sharma,Prof. Kumar,ABC Engineering College,XYZ University,5.19,45.96,4,76.45,9,2,18,0,105,0,2,5,High
S0025,Student_25,student25@college.edu,REG20230025,B.Tech,EEE,3,C,Dr. Mehta,Prof. Kumar,ABC Engineering College,XYZ University,4.76,52.53,4,46.2,8,9,14,1,90,1,2,5,High
S0026,Student_26,student26@college.edu,REG20230026,B.Tech,CSE,3,C,Dr. Rao,Prof. Kumar,ABC Engineering College,XYZ University,7.65,95.54,3,53.02,19,7,7,1,80,0,2,1,Medium
S0027,Student_27,student27@college.edu,REG20230027,B.Tech,CSE,1,A,Dr. Rao,Prof. Kumar,ABC Engineering College,XYZ University,4.01,64.85,2,65.07,7,1,18,0,6,1,2,1,Medium
S0028,Student_28,student28@college.edu,REG20230028,MBA,ECE,1,A,Dr. Sharma,Prof. Kumar,ABC Engineering College,XYZ University,4.98,63.73,2,66.65,9,2,9,0,105,0,4,1,Medium
S0029,Student_29,student29@college.edu,REG20230029,MBA,EEE,1,A,Dr. Rao,Prof. Kumar,ABC Engineering College,XYZ University,4.16,58.79,5,36.22,18,2,6,0,11,1,5,5,High
S0030,Student_30,student30@college.edu,REG20230030,MBA,MECH,1,B,Dr. Sharma,Prof. Singh,ABC Engineering College,XYZ University,4.92,48.82,3,86.98,2,9,17,0,30,0,4,1,High
S0031,Student_31,student31@college.edu,REG20230031,M.Tech,CIVIL,3,A,Dr. Sharma,Prof. Singh,ABC Engineering College,XYZ University,5.0,69.27,3,73.31,23,0,15,0,94,0,4,1,Medium
S0032,Student_32,student32@college.edu,REG20230032,MBA,CIVIL,3,C,Dr. Mehta,Prof. Kumar,ABC Engineering College,XYZ University,6.13,47.8,3,62.26,4,5,19,1,92,0,1,3,Medium
S0033,Student_33,student33@college.edu,REG20230033,M.Tech,MECH,2,A,Dr. Mehta,Prof. Singh,ABC Engineering College,XYZ University,6.21,90.13,5,86.32,2,1,5,1,80,0,1,1,Medium
S0034,Student_34,student34@college.edu,REG20230034,M.Tech,ECE,2,C,Dr. Mehta,Prof. Singh,ABC Engineering College,XYZ University,8.81,62.22,2,59.15,15,0,8,1,20,0,1,2,Low
S0035,Student_35,student35@college.edu,REG20230035,MBA,CIVIL,1,B,Dr. Sharma,Prof. Singh,ABC Engineering College,XYZ University,6.81,62.49,3,88.92,16,1,12,0,27,1,3,5,Medium
S0036,Student_36,student36@college.edu,REG20230036,M.Tech,EEE,4,C,Dr. Mehta,Prof. Kumar,ABC Engineering College,XYZ University,7.98,68.44,0,63.18,14,5,7,1,44,1,1,4,Medium
S0037,Student_37,student37@college.edu,REG20230037,MBA,ECE,4,C,Dr. Rao,Prof. Singh,ABC Engineering College,XYZ University,4.57,66.65,4,41.29,2,3,15,0,64,0,5,3,High
S0038,Student_38,student38@college.edu,REG20230038,MBA,EEE,3,A,Dr. Rao,Prof. Kumar,ABC Engineering College,XYZ University,5.24,99.69,4,77.06,11,5,12,0,77,1,4,5,Medium
S0039,Student_39,student39@college.edu,REG20230039,B.Tech,CSE,3,A,Dr. Sharma,Prof. Singh,ABC Engineering College,XYZ University,7.87,72.72,1,72.34,8,8,12,1,36,1,5,5,Medium
S0040,Student_40,student40@college.edu,REG20230040,MBA,ECE,3,C,Dr. Sharma,Prof. Kumar,ABC Engineering College,XYZ University,4.29,45.29,1,77.51,20,9,16,0,19,1,1,2,Medium
S0041,Student_41,student41@college.edu,REG20230041,B.Tech,CIVIL,2,A,Dr. Mehta,Prof. Kumar,ABC Engineering College,XYZ University,6.68,76.41,5,87.33,11,9,19,0,105,1,3,1,High
S0042,Student_42,student42@college.edu,REG20230042,MBA,ECE,2,B,Dr. Sharma,Prof. Singh,ABC Engineering College,XYZ University,7.3,49.1,5,77.71,14,7,4,1,17,1,3,2,High
S0043,Student_43,student43@college.edu,REG20230043,MBA,ECE,3,B,Dr. Sharma,Prof. Singh,ABC Engineering College,XYZ University,7.31,41.86,4,68.62,1,0,16,0,9,1,4,1,Medium
S0044,Student_44,student44@college.edu,REG20230044,B.Tech,ECE,3,A,Dr. Rao,Prof. Kumar,ABC Engineering College,XYZ University,4.13,98.24,0,82.15,22,7,8,0,79,0,5,1,Medium
S0045,Student_45,student45@college.edu,REG20230045,B.Tech,ECE,3,B,Dr. Rao,Prof. Singh,ABC Engineering College,XYZ University,5.77,86.41,2,72.03,17,8,1,1,78,1,2,5,Medium
S0046,Student_46,student46@college.edu,REG20230046,MBA,EEE,4,A,Dr. Mehta,Prof. Singh,ABC Engineering College,XYZ University,7.5,98.81,2,57.45,19,5,17,0,56,1,5,1,Medium
S0047,Student_47,student47@college.edu,REG20230047,M.Tech,CSE,2,C,Dr. Sharma,Prof. Singh,ABC Engineering College,XYZ University,4.82,68.67,5,83.71,11,9,8,0,81,1,1,3,High
S0048,Student_48,student48@college.edu,REG20230048,B.Tech,MECH,4,C,Dr. Sharma,Prof. Kumar,ABC Engineering College,XYZ University,7.82,71.94,0,47.2,22,4,5,1,45,0,2,3,Low
S0049,Student_49,student49@college.edu,REG20230049,M.Tech,ECE,4,B,Dr. Rao,Prof. Kumar,ABC Engineering College,XYZ University,8.1,50.1,5,74.31,3,5,10,1,57,1,3,3,High
S0050,Student_50,student50@college.edu,REG20230050,M.Tech,CIVIL,3,A,Dr. Sharma,Prof. Singh,ABC Engineering College,XYZ University,9.4,54.81,2,83.49,22,5,5,1,114,1,4,5,Medium
S0051,Student_51,student51@college.edu,REG20230051,M.Tech,ECE,3,A,Dr. Rao,Prof. Singh,ABC Engineering College,XYZ University,5.15,90.31,5,75.22,15,8,5,1,54,1,4,2,High
S0052,Student_52,student52@college.edu,REG20230052,B.Tech,CIVIL,1,B,Dr. Mehta,Prof. Singh,ABC Engineering College,XYZ University,8.54,61.37,3,73.35,22,3,12,0,19,0,3,4,Medium
S0053,Student_53,student53@college.edu,REG20230053,M.Tech,EEE,1,C,Dr. Rao,Prof. Kumar,ABC Engineering College,XYZ University,6.86,89.61,5,76.4,15,1,10,0,110,1,1,1,Low
S0054,Student_54,student54@college.edu,REG20230054,B.Tech,CIVIL,4,B,Dr. Sharma,Prof. Kumar,ABC Engineering College,XYZ University,6.05,82.54,4,60.58,0,8,13,1,11,0,3,4,High
S0055,Student_55,student55@college.edu,REG20230055,M.Tech,MECH,2,C,Dr. Mehta,Prof. Singh,ABC Engineering College,XYZ University,4.67,50.63,5,83.08,21,1,1,0,44,1,1,2,Medium
S0056,Student_56,student56@college.edu,REG20230056,MBA,CSE,3,A,Dr. Rao,Prof. Singh,ABC Engineering College,XYZ University,8.05,70.45,4,46.19,24,9,7,0,32,0,2,2,Medium
S0057,Student_57,student57@college.edu,REG20230057,MBA,CIVIL,3,C,Dr. Rao,Prof. Singh,ABC Engineering College,XYZ University,5.3,80.64,0,42.01,1,8,2,1,36,0,3,5,Medium
S0058,Student_58,student58@college.edu,REG20230058,B.Tech,CIVIL,4,B,Dr. Mehta,Prof. Singh,ABC Engineering College,XYZ University,6.04,54.1,2,50.7,2,1,2,1,103,0,1,3,Medium
S0059,Student_59,student59@college.edu,REG20230059,MBA,CSE,1,A,Dr. Mehta,Prof. Singh,ABC Engineering College,XYZ University,4.34,89.84,1,64.24,20,7,0,0,19,1,2,3,Medium
S0060,Student_60,student60@college.edu,REG20230060,MBA,MECH,2,B,Dr. Rao,Prof. Singh,ABC Engineering College,XYZ University,8.41,72.69,1,63.08,24,8,18,1,116,0,3,2,Medium
S0061,Student_61,student61@college.edu,REG20230061,M.Tech,ECE,1,B,Dr. Sharma,Prof. Kumar,ABC Engineering College,XYZ University,8.22,49.91,2,80.13,19,9,17,1,104,0,4,5,High
S0062,Student_62,student62@college.edu,REG20230062,B.Tech,CIVIL,1,C,Dr. Rao,Prof. Singh,ABC Engineering College,XYZ University,8.03,74.98,1,57.25,16,8,16,1,89,0,3,5,Medium
S0063,Student_63,student63@college.edu,REG20230063,M.Tech,CSE,1,B,Dr. Mehta,Prof. Kumar,ABC Engineering College,XYZ University,5.65,99.98,5,61.64,19,9,19,0,74,0,5,1,High
S0064,Student_64,student64@college.edu,REG20230064,M.Tech,EEE,1,C,Dr. Rao,Prof. Singh,ABC Engineering College,XYZ University,4.95,49.03,0,35.74,21,8,12,1,69,1,3,3,Medium
S0065,Student_65,student65@college.edu,REG20230065,M.Tech,CSE,3,A,Dr. Mehta,Prof. Singh,ABC Engineering College,XYZ University,7.51,89.01,0,57.54,20,1,2,0,8,1,5,2,Low
S0066,Student_66,student66@college.edu,REG20230066,M.Tech,EEE,3,C,Dr. Mehta,Prof. Kumar,ABC Engineering College,XYZ University,6.73,52.44,2,70.63,0,3,0,0,15,1,2,4,Medium
S0067,Student_67,student67@college.edu,REG20230067,M.Tech,MECH,1,A,Dr. Sharma,Prof. Kumar,ABC Engineering College,XYZ University,4.98,86.94,1,35.85,19,6,3,0,112,1,3,3,Medium
S0068,Student_68,student68@college.edu,REG20230068,M.Tech,ECE,2,C,Dr. Mehta,Prof. Kumar,ABC Engineering College,XYZ University,7.77,84.07,5,50.45,5,1,12,1,30,0,2,1,Medium
S0069,Student_69,student69@college.edu,REG20230069,M.Tech,CSE,4,B,Dr. Mehta,Prof. Kumar,ABC Engineering College,XYZ University,9.45,58.03,0,46.44,14,0,16,1,65,1,2,5,Low
S0070,Student_70,student70@college.edu,REG20230070,B.Tech,CIVIL,2,C,Dr. Sharma,Prof. Singh,ABC Engineering College,XYZ University,8.11,59.55,0,37.31,13,2,10,1,41,0,1,2,Low
S0071,Student_71,student71@college.edu,REG20230071,MBA,MECH,2,C,Dr. Mehta,Prof. Kumar,ABC Engineering College,XYZ University,8.07,87.55,3,61.36,19,3,1,1,27,1,2,3,Medium
S0072,Student_72,student72@college.edu,REG20230072,M.Tech,CSE,2,A,Dr. Sharma,Prof. Singh,ABC Engineering College,XYZ University,9.23,67.69,3,44.99,14,7,15,1,97,1,2,4,Medium
S0073,Student_73,student73@college.edu,REG20230073,M.Tech,CIVIL,1,B,Dr. Sharma,Prof. Kumar,ABC Engineering College,XYZ University,5.12,83.85,0,75.87,13,5,1,0,89,1,3,1,Medium
S0074,Student_74,student74@college.edu,REG20230074,M.Tech,CSE,3,C,Dr. Mehta,Prof. Singh,ABC Engineering College,XYZ University,7.11,48.88,2,81.64,24,1,18,0,116,0,3,1,Medium
S0075,Student_75,student75@college.edu,REG20230075,M.Tech,EEE,2,B,Dr. Mehta,Prof. Singh,ABC Engineering College,XYZ University,9.39,91.15,4,65.01,20,8,18,0,113,1,4,3,Medium
S0076,Student_76,student76@college.edu,REG20230076,M.Tech,CSE,1,C,Dr. Rao,Prof. Singh,ABC Engineering College,XYZ University,4.91,82.65,4,88.99,23,1,15,1,113,1,1,4,Medium
S0077,Student_77,student77@college.edu,REG20230077,M.Tech,CSE,2,C,Dr. Sharma,Prof. Singh,ABC Engineering College,XYZ University,7.85,94.42,5,59.78,24,4,18,0,117,1,2,1,Medium
S0078,Student_78,student78@college.edu,REG20230078,MBA,CSE,2,B,Dr. Rao,Prof. Singh,ABC Engineering College,XYZ University,7.22,47.94,0,63.24,4,3,8,0,95,0,1,2,Low
S0079,Student_79,student79@college.edu,REG20230079,MBA,MECH,1,C,Dr. Mehta,Prof. Singh,ABC Engineering College,XYZ University,7.23,75.58,0,89.41,5,6,0,1,107,1,5,1,Medium
S0080,Student_80,student80@college.edu,REG20230080,M.Tech,CSE,3,B,Dr. Rao,Prof. Kumar,ABC Engineering College,XYZ University,7.84,75.95,0,47.74,16,7,9,1,44,1,2,4,Medium
S0081,Student_81,student81@college.edu,REG20230081,MBA,CIVIL,3,C,Dr. Sharma,Prof. Singh,ABC Engineering College,XYZ University,9.11,61.21,2,86.84,10,4,18,0,81,0,1,5,Medium
S0082,Student_82,student82@college.edu,REG20230082,B.Tech,EEE,4,A,Dr. Rao,Prof. Kumar,ABC Engineering College,XYZ University,8.3,67.51,3,37.36,15,9,0,0,27,0,4,5,High
S0083,Student_83,student83@college.edu,REG20230083,M.Tech,EEE,1,B,Dr. Sharma,Prof. Kumar,ABC Engineering College,XYZ University,4.31,42.28,0,59.55,11,4,1,1,20,1,4,3,Medium
S0084,Student_84,student84@college.edu,REG20230084,B.Tech,CSE,4,C,Dr. Mehta,Prof. Singh,ABC Engineering College,XYZ University,8.69,84.75,0,38.85,14,1,15,1,98,1,2,4,Low
S0085,Student_85,student85@college.edu,REG20230085,B.Tech,MECH,4,C,Dr. Mehta,Prof. Kumar,ABC Engineering College,XYZ University,5.24,72.96,1,75.11,22,7,11,1,65,1,5,1,Medium
S0086,Student_86,student86@college.edu,REG20230086,M.Tech,MECH,4,A,Dr. Sharma,Prof. Singh,ABC Engineering College,XYZ University,6.07,43.46,2,68.46,3,1,7,1,72,0,4,1,Medium
S0087,Student_87,student87@college.edu,REG20230087,MBA,CIVIL,3,B,Dr. Mehta,Prof. Kumar,ABC Engineering College,XYZ University,6.54,80.85,5,73.86,17,9,17,0,108,0,4,5,High
S0088,Student_88,student88@college.edu,REG20230088,B.Tech,CSE,1,C,Dr. Mehta,Prof. Singh,ABC Engineering College,XYZ University,6.64,68.01,0,55.6,20,5,1,0,84,0,5,5,Medium
S0089,Student_89,student89@college.edu,REG20230089,M.Tech,EEE,4,A,Dr. Mehta,Prof. Kumar,ABC Engineering College,XYZ University,6.39,42.07,1,55.32,2,7,12,1,35,1,1,2,Medium
S0090,Student_90,student90@college.edu,REG20230090,B.Tech,MECH,1,C,Dr. Mehta,Prof. Singh,ABC Engineering College,XYZ University,9.16,98.18,4,37.49,21,5,5,0,57,0,4,5,Medium
S0091,Student_91,student91@college.edu,REG20230091,B.Tech,CSE,1,B,Dr. Sharma,Prof. Singh,ABC Engineering College,XYZ University,7.88,96.95,5,54.25,7,3,5,0,110,1,3,2,Medium
S0092,Student_92,student92@college.edu,REG20230092,B.Tech,MECH,3,C,Dr. Rao,Prof. Singh,ABC Engineering College,XYZ University,7.47,70.77,0,86.11,22,3,8,1,29,0,4,1,Low
S0093,Student_93,student93@college.edu,REG20230093,B.Tech,MECH,4,C,Dr. Rao,Prof. Singh,ABC Engineering College,XYZ University,4.27,45.62,0,55.86,2,5,15,0,48,0,1,2,Medium
S0094,Student_94,student94@college.edu,REG20230094,MBA,EEE,4,C,Dr. Mehta,Prof. Kumar,ABC Engineering College,XYZ University,8.97,85.28,1,80.73,7,3,10,0,16,0,1,2,Low
S0095,Student_95,student95@college.edu,REG20230095,B.Tech,ECE,1,C,Dr. Rao,Prof. Singh,ABC Engineering College,XYZ University,9.0,69.52,2,81.33,17,7,6,0,94,1,2,3,Medium
S0096,Student_96,student96@college.edu,REG20230096,B.Tech,CIVIL,2,A,Dr. Rao,Prof. Kumar,ABC Engineering College,XYZ University,8.29,58.15,0,55.53,9,8,9,1,105,1,3,5,Medium
S0097,Student_97,student97@college.edu,REG20230097,B.Tech,CIVIL,3,A,Dr. Mehta,Prof. Kumar,ABC Engineering College,XYZ University,4.04,69.49,4,69.76,24,0,9,1,116,1,1,2,Medium
S0098,Student_98,student98@college.edu,REG20230098,MBA,EEE,3,B,Dr. Mehta,Prof. Kumar,ABC Engineering College,XYZ University,4.32,71.35,0,40.25,19,3,19,0,101,1,5,1,Medium
S0099,Student_99,student99@college.edu,REG20230099,B.Tech,MECH,3,A,Dr. Rao,Prof. Singh,ABC Engineering College,XYZ University,5.24,73.76,4,40.7,16,3,17,1,96,0,3,4,Medium
S0100,Student_100,student100@college.edu,REG20230100,B.Tech,CSE,3,A,Dr. Sharma,Prof. Kumar,ABC Engineering College,XYZ University,4.72,66.47,5,37.68,7,1,19,1,13,1,3,2,Medium
S0101,Student_101,student101@college.edu,REG20230101,MBA,MECH,4,B,Dr. Mehta,Prof. Kumar,ABC Engineering College,XYZ University,6.19,76.35,5,66.96,22,5,8,1,16,0,5,5,High
S0102,Student_102,student102@college.edu,REG20230102,MBA,EEE,4,A,Dr. Sharma,Prof. Kumar,ABC Engineering College,XYZ University,9.07,95.12,3,58.43,10,2,14,0,73,1,4,3,Low
S0103,Student_103,student103@college.edu,REG20230103,MBA,CIVIL,2,A,Dr. Rao,Prof. Singh,ABC Engineering College,XYZ University,6.6,61.74,3,65.14,4,6,3,0,58,1,5,1,Medium
S0104,Student_104,student104@college.edu,REG20230104,B.Tech,MECH,3,B,Dr. Mehta,Prof. Singh,ABC Engineering College,XYZ University,4.07,83.54,4,63.66,12,4,7,1,58,0,5,3,High
S0105,Student_105,student105@college.edu,REG20230105,MBA,CIVIL,3,B,Dr. Sharma,Prof. Kumar,ABC Engineering College,XYZ University,5.56,93.67,2,54.26,20,3,8,0,32,0,4,4,Medium
S0106,Student_106,student106@college.edu,REG20230106,MBA,CSE,1,B,Dr. Mehta,Prof. Singh,ABC Engineering College,XYZ University,4.25,67.36,0,72.26,22,4,12,0,60,1,4,2,Medium
S0107,Student_107,student107@college.edu,REG20230107,B.Tech,CIVIL,4,C,Dr. Rao,Prof. Singh,ABC Engineering College,XYZ University,4.2,66.61,0,76.72,4,7,8,0,103,1,4,2,Medium
S0108,Student_108,student108@college.edu,REG20230108,MBA,CIVIL,3,C,Dr. Sharma,Prof. Kumar,ABC Engineering College,XYZ University,5.52,76.13,3,35.8,23,2,3,0,73,0,4,5,Medium
S0109,Student_109,student109@college.edu,REG20230109,B.Tech,ECE,2,B,Dr. Rao,Prof. Kumar,ABC Engineering College,XYZ University,5.52,75.48,4,46.4,12,6,16,0,102,0,4,2,Medium
S0110,Student_110,student110@college.edu,REG20230110,M.Tech,ECE,2,B,Dr. Rao,Prof. Singh,ABC Engineering College,XYZ University,8.33,88.4,0,74.23,5,5,15,1,114,0,5,1,Low
S0111,Student_111,student111@college.edu,REG20230111,MBA,ECE,4,B,Dr. Mehta,Prof. Kumar,ABC Engineering College,XYZ University,9.36,68.59,0,56.26,4,0,14,0,102,0,2,4,Low
S0112,Student_112,student112@college.edu,REG20230112,M.Tech,CIVIL,2,C,Dr. Sharma,Prof. Singh,ABC Engineering College,XYZ University,6.04,99.77,2,71.44,8,6,2,0,81,0,2,3,Medium
S0113,Student_113,student113@college.edu,REG20230113,B.Tech,EEE,2,C,Dr. Rao,Prof. Singh,ABC Engineering College,XYZ University,6.36,43.57,1,54.08,15,6,19,0,107,1,1,4,Medium
S0114,Student_114,student114@college.edu,REG20230114,MBA,CIVIL,4,A,Dr. Rao,Prof. Singh,ABC Engineering College,XYZ University,8.65,40.19,3,56.49,1,0,4,1,110,1,2,2,Medium
S0115,Student_115,student115@college.edu,REG20230115,B.Tech,EEE,3,A,Dr. Sharma,Prof. Singh,ABC Engineering College,XYZ University,5.47,78.41,3,43.73,0,8,4,1,113,1,2,3,Medium
S0116,Student_116,student116@college.edu,REG20230116,M.Tech,EEE,3,B,Dr. Rao,Prof. Singh,ABC Engineering College,XYZ University,4.86,57.91,1,49.2,7,5,19,1,116,1,5,5,High
S0117,Student_117,student117@college.edu,REG20230117,B.Tech,ECE,2,C,Dr. Rao,Prof. Singh,ABC Engineering College,XYZ University,8.69,54.42,0,68.3,18,1,14,0,62,0,4,4,Low
S0118,Student_118,student118@college.edu,REG20230118,MBA,MECH,2,C,Dr. Sharma,Prof. Kumar,ABC Engineering College,XYZ University,4.26,58.71,2,58.82,10,4,17,1,82,0,4,3,Medium
S0119,Student_119,student119@college.edu,REG20230119,MBA,CSE,3,C,Dr. Sharma,Prof. Kumar,ABC Engineering College,XYZ University,7.41,55.36,2,77.59,11,3,14,1,79,0,5,3,Medium
S0120,Student_120,student120@college.edu,REG20230120,M.Tech,ECE,4,B,Dr. Sharma,Prof. Singh,ABC Engineering College,XYZ University,7.09,41.85,3,81.89,11,6,1,1,46,1,2,3,Medium
S0121,Student_121,student121@college.edu,REG20230121,B.Tech,ECE,2,A,Dr. Sharma,Prof. Singh,ABC Engineering College,XYZ University,5.9,98.29,2,64.79,6,7,12,1,42,0,5,1,Medium
S0122,Student_122,student122@college.edu,REG20230122,MBA,MECH,1,B,Dr. Mehta,Prof. Singh,ABC Engineering College,XYZ University,5.73,53.24,5,76.7,12,0,3,0,72,0,1,4,Medium
S0123,Student_123,student123@college.edu,REG20230123,M.Tech,CSE,4,A,Dr. Sharma,Prof. Kumar,ABC Engineering College,XYZ University,8.25,84.04,1,51.88,7,4,9,1,57,1,4,3,Medium
S0124,Student_124,student124@college.edu,REG20230124,MBA,CIVIL,2,A,Dr. Mehta,Prof. Singh,ABC Engineering College,XYZ University,4.48,85.76,0,57.82,21,2,12,1,37,1,3,4,Medium
S0125,Student_125,student125@college.edu,REG20230125,MBA,CIVIL,2,B,Dr. Mehta,Prof. Kumar,ABC Engineering College,XYZ University,5.3,95.76,5,74.2,8,0,9,0,75,1,1,3,Medium
S0126,Student_126,student126@college.edu,REG20230126,B.Tech,ECE,1,A,Dr. Mehta,Prof. Singh,ABC Engineering College,XYZ University,8.03,41.83,1,56.24,6,2,8,0,60,0,1,5,Medium
S0127,Student_127,student127@college.edu,REG20230127,MBA,CSE,1,A,Dr. Rao,Prof. Singh,ABC Engineering College,XYZ University,7.02,92.32,4,67.37,20,5,7,1,109,0,5,5,Medium
S0128,Student_128,student128@college.edu,REG20230128,B.Tech,ECE,3,C,Dr. Mehta,Prof. Kumar,ABC Engineering College,XYZ University,4.7,71.63,3,45.2,23,6,2,0,76,1,2,5,High
S0129,Student_129,student129@college.edu,REG20230129,MBA,EEE,4,A,Dr. Mehta,Prof. Kumar,ABC Engineering College,XYZ University,8.85,77.95,2,67.99,14,7,15,1,105,1,4,2,Medium
S0130,Student_130,student130@college.edu,REG20230130,M.Tech,ECE,4,B,Dr. Rao,Prof. Singh,ABC Engineering College,XYZ University,6.16,78.67,4,82.38,1,3,13,0,55,0,3,3,Medium
S0131,Student_131,student131@college.edu,REG20230131,MBA,ECE,3,B,Dr. Rao,Prof. Singh,ABC Engineering College,XYZ University,8.55,89.19,2,82.78,22,2,8,0,78,1,1,2,Low
S0132,Student_132,student132@college.edu,REG20230132,B.Tech,CIVIL,4,A,Dr. Rao,Prof. Singh,ABC Engineering College,XYZ University,8.33,60.0,5,74.84,19,4,10,1,47,0,3,4,Medium
S0133,Student_133,student133@college.edu,REG20230133,B.Tech,CIVIL,4,C,Dr. Sharma,Prof. Kumar,ABC Engineering College,XYZ University,7.43,83.98,0,76.02,24,8,2,0,19,1,2,2,Medium
S0134,Student_134,student134@college.edu,REG20230134,M.Tech,CIVIL,4,C,Dr. Rao,Prof. Kumar,ABC Engineering College,XYZ University,6.72,71.71,0,65.69,11,5,4,1,42,1,2,4,Medium
S0135,Student_135,student135@college.edu,REG20230135,MBA,EEE,4,A,Dr. Rao,Prof. Kumar,ABC Engineering College,XYZ University,9.39,87.6,0,67.16,0,8,9,0,19,1,3,4,Medium
S0136,Student_136,student136@college.edu,REG20230136,MBA,CIVIL,4,A,Dr. Mehta,Prof. Kumar,ABC Engineering College,XYZ University,4.8,99.43,2,42.35,22,5,12,1,9,0,4,4,Medium
S0137,Student_137,student137@college.edu,REG20230137,M.Tech,CSE,1,B,Dr. Rao,Prof. Kumar,ABC Engineering College,XYZ University,7.99,52.04,4,59.41,21,1,3,0,97,0,2,2,Medium
S0138,Student_138,student138@college.edu,REG20230138,MBA,MECH,4,A,Dr. Sharma,Prof. Kumar,ABC Engineering College,XYZ University,5.05,99.68,0,59.79,7,4,12,0,87,1,3,3,Low
S0139,Student_139,student139@college.edu,REG20230139,MBA,CSE,1,C,Dr. Rao,Prof. Singh,ABC Engineering College,XYZ University,5.86,45.39,4,87.72,4,8,11,0,58,0,1,2,High
S0140,Student_140,student140@college.edu,REG20230140,B.Tech,CSE,4,A,Dr. Sharma,Prof. Singh,ABC Engineering College,XYZ University,5.7,40.14,2,58.71,14,7,4,0,55,1,3,3,High
S0141,Student_141,student141@college.edu,REG20230141,MBA,CIVIL,3,B,Dr. Rao,Prof. Kumar,ABC Engineering College,XYZ University,9.21,42.65,5,65.21,0,6,9,0,14,1,3,3,High
S0142,Student_142,student142@college.edu,REG20230142,MBA,MECH,2,B,Dr. Rao,Prof. Singh,ABC Engineering College,XYZ University,9.32,60.51,4,64.33,0,0,8,1,16,0,5,4,Medium
S0143,Student_143,student143@college.edu,REG20230143,M.Tech,MECH,1,B,Dr. Rao,Prof. Singh,ABC Engineering College,XYZ University,5.01,77.97,5,70.02,24,3,19,0,8,0,2,2,Medium
S0144,Student_144,student144@college.edu,REG20230144,M.Tech,MECH,4,B,Dr. Rao,Prof. Kumar,ABC Engineering College,XYZ University,4.12,44.14,2,76.15,9,6,6,1,99,0,4,3,High
S0145,Student_145,student145@college.edu,REG20230145,B.Tech,EEE,3,B,Dr. Sharma,Prof. Singh,ABC Engineering College,XYZ University,7.96,40.34,2,47.38,21,6,1,1,22,0,4,5,High
S0146,Student_146,student146@college.edu,REG20230146,MBA,CIVIL,2,A,Dr. Sharma,Prof. Kumar,ABC Engineering College,XYZ University,6.3,96.23,3,64.08,9,5,6,1,84,1,5,3,Medium
S0147,Student_147,student147@college.edu,REG20230147,MBA,MECH,1,A,Dr. Mehta,Prof. Kumar,ABC Engineering College,XYZ University,4.49,89.32,2,80.43,20,7,7,0,108,0,4,5,High
S0148,Student_148,student148@college.edu,REG20230148,MBA,EEE,2,A,Dr. Sharma,Prof. Singh,ABC Engineering College,XYZ University,7.76,88.55,2,60.47,14,5,6,1,40,0,3,2,Medium
S0149,Student_149,student149@college.edu,REG20230149,B.Tech,ECE,3,A,Dr. Rao,Prof. Kumar,ABC Engineering College,XYZ University,7.0,93.07,1,50.32,16,9,13,0,29,1,5,2,Medium
S0150,Student_150,student150@college.edu,REG20230150,B.Tech,ECE,1,B,Dr. Mehta,Prof. Kumar,ABC Engineering College,XYZ University,9.39,82.0,0,71.01,21,2,18,1,91,1,1,2,Low
S0151,Student_151,student151@college.edu,REG20230151,M.Tech,EEE,2,C,Dr. Mehta,Prof. Kumar,ABC Engineering College,XYZ University,5.25,46.26,3,80.31,5,3,4,1,80,1,2,3,Medium
S0152,Student_152,student152@college.edu,REG20230152,B.Tech,EEE,4,A,Dr. Mehta,Prof. Kumar,ABC Engineering College,XYZ University,6.22,63.95,3,38.47,2,2,17,1,102,1,2,1,Medium
S0153,Student_153,student153@college.edu,REG20230153,MBA,CIVIL,1,C,Dr. Rao,Prof. Kumar,ABC Engineering College,XYZ University,6.98,83.39,3,77.72,12,0,19,1,40,0,2,3,Low
S0154,Student_154,student154@college.edu,REG20230154,MBA,CIVIL,2,A,Dr. Sharma,Prof. Kumar,ABC Engineering College,XYZ University,8.35,56.82,1,80.19,15,9,11,1,105,0,3,3,Medium
S0155,Student_155,student155@college.edu,REG20230155,B.Tech,ECE,3,A,Dr. Rao,Prof. Kumar,ABC Engineering College,XYZ University,7.02,81.24,5,60.38,7,4,16,0,71,1,1,4,Medium
S0156,Student_156,student156@college.edu,REG20230156,MBA,MECH,3,C,Dr. Mehta,Prof. Kumar,ABC Engineering College,XYZ University,7.37,41.47,2,89.08,14,0,12,1,13,1,5,4,Medium
S0157,Student_157,student157@college.edu,REG20230157,MBA,ECE,1,B,Dr. Rao,Prof. Singh,ABC Engineering College,XYZ University,5.24,58.37,0,78.27,16,0,1,1,65,0,5,3,Medium
S0158,Student_158,student158@college.edu,REG20230158,B.Tech,MECH,2,A,Dr. Rao,Prof. Singh,ABC Engineering College,XYZ University,8.66,72.95,4,77.55,16,1,12,0,57,0,2,5,Medium
S0159,Student_159,student159@college.edu,REG20230159,B.Tech,MECH,1,A,Dr. Sharma,Prof. Singh,ABC Engineering College,XYZ University,6.36,77.93,5,76.13,21,3,6,0,22,0,1,4,Medium
S0160,Student_160,student160@college.edu,REG20230160,MBA,CIVIL,1,A,Dr. Sharma,Prof. Kumar,ABC Engineering College,XYZ University,4.78,74.62,2,43.28,12,5,9,0,47,0,1,3,Medium
S0161,Student_161,student161@college.edu,REG20230161,MBA,CSE,2,C,Dr. Mehta,Prof. Kumar,ABC Engineering College,XYZ University,7.65,81.87,1,46.95,16,7,5,1,39,0,1,1,Low
S0162,Student_162,student162@college.edu,REG20230162,MBA,CSE,2,B,Dr. Rao,Prof. Singh,ABC Engineering College,XYZ University,5.19,40.37,2,60.52,5,2,2,1,67,1,4,5,Medium
S0163,Student_163,student163@college.edu,REG20230163,M.Tech,EEE,4,C,Dr. Rao,Prof. Singh,ABC Engineering College,XYZ University,4.54,46.06,2,49.52,16,0,2,1,102,1,4,2,Medium
S0164,Student_164,student164@college.edu,REG20230164,M.Tech,CIVIL,2,C,Dr. Sharma,Prof. Singh,ABC Engineering College,XYZ University,8.74,92.14,1,57.84,15,2,17,1,109,1,2,3,Low
S0165,Student_165,student165@college.edu,REG20230165,M.Tech,MECH,3,B,Dr. Rao,Prof. Kumar,ABC Engineering College,XYZ University,6.53,80.9,3,83.87,13,2,10,1,82,1,1,3,Medium
S0166,Student_166,student166@college.edu,REG20230166,B.Tech,CSE,1,C,Dr. Rao,Prof. Singh,ABC Engineering College,XYZ University,8.12,46.78,3,80.34,12,4,19,1,8,0,1,5,Medium
S0167,Student_167,student167@college.edu,REG20230167,M.Tech,MECH,1,B,Dr. Rao,Prof. Singh,ABC Engineering College,XYZ University,5.6,90.52,0,69.65,5,3,4,0,97,1,5,4,Medium
S0168,Student_168,student168@college.edu,REG20230168,B.Tech,CSE,3,A,Dr. Sharma,Prof. Kumar,ABC Engineering College,XYZ University,8.33,54.53,0,82.2,2,3,18,0,45,0,5,4,Medium
S0169,Student_169,student169@college.edu,REG20230169,B.Tech,CSE,2,B,Dr. Mehta,Prof. Singh,ABC Engineering College,XYZ University,4.62,68.7,3,78.11,13,8,18,1,49,0,2,4,High
S0170,Student_170,student170@college.edu,REG20230170,M.Tech,CSE,3,A,Dr. Mehta,Prof. Kumar,ABC Engineering College,XYZ University,5.96,48.71,5,58.59,13,6,14,1,54,0,1,2,High
S0171,Student_171,student171@college.edu,REG20230171,M.Tech,CIVIL,3,C,Dr. Rao,Prof. Kumar,ABC Engineering College,XYZ University,9.38,82.61,4,46.06,14,3,15,1,83,0,2,5,Medium
S0172,Student_172,student172@college.edu,REG20230172,M.Tech,ECE,4,C,Dr. Mehta,Prof. Kumar,ABC Engineering College,XYZ University,8.37,80.01,2,63.28,7,2,8,1,32,0,5,5,Medium
S0173,Student_173,student173@college.edu,REG20230173,MBA,MECH,3,A,Dr. Sharma,Prof. Singh,ABC Engineering College,XYZ University,6.73,52.67,4,75.49,14,5,3,1,46,0,5,4,High
S0174,Student_174,student174@college.edu,REG20230174,M.Tech,CIVIL,1,C,Dr. Sharma,Prof. Singh,ABC Engineering College,XYZ University,5.87,91.8,2,59.0,21,2,14,0,84,0,4,4,Medium
S0175,Student_175,student175@college.edu,REG20230175,MBA,CIVIL,3,B,Dr. Mehta,Prof. Kumar,ABC Engineering College,XYZ University,8.8,64.08,3,71.67,12,5,11,0,80,1,2,1,Medium
S0176,Student_176,student176@college.edu,REG20230176,B.Tech,CIVIL,1,A,Dr. Mehta,Prof. Singh,ABC Engineering College,XYZ University,7.0,57.55,0,40.19,16,8,2,1,73,0,2,1,Medium
S0177,Student_177,student177@college.edu,REG20230177,MBA,CIVIL,1,C,Dr. Rao,Prof. Singh,ABC Engineering College,XYZ University,8.17,49.14,5,76.14,20,5,13,0,102,1,1,3,Medium
S0178,Student_178,student178@college.edu,REG20230178,M.Tech,CIVIL,1,A,Dr. Mehta,Prof. Singh,ABC Engineering College,XYZ University,8.15,55.97,0,79.7,23,3,16,1,110,1,1,3,Low
S0179,Student_179,student179@college.edu,REG20230179,B.Tech,EEE,2,B,Dr. Rao,Prof. Singh,ABC Engineering College,XYZ University,4.1,41.32,4,73.88,2,4,18,1,5,0,4,5,High
S0180,Student_180,student180@college.edu,REG20230180,B.Tech,MECH,4,B,Dr. Rao,Prof. Kumar,ABC Engineering College,XYZ University,4.69,75.0,0,88.2,5,5,5,1,43,0,3,5,Medium
S0181,Student_181,student181@college.edu,REG20230181,B.Tech,CIVIL,1,C,Dr. Sharma,Prof. Singh,ABC Engineering College,XYZ University,7.63,90.53,3,80.47,4,2,3,0,100,1,3,2,Low
S0182,Student_182,student182@college.edu,REG20230182,MBA,MECH,1,B,Dr. Sharma,Prof. Kumar,ABC Engineering College,XYZ University,4.89,72.94,5,84.67,21,7,6,0,94,1,3,2,High
S0183,Student_183,student183@college.edu,REG20230183,M.Tech,EEE,2,A,Dr. Sharma,Prof. Kumar,ABC Engineering College,XYZ University,5.41,53.16,4,86.35,16,3,18,1,21,1,2,1,Medium
S0184,Student_184,student184@college.edu,REG20230184,B.Tech,EEE,1,B,Dr. Sharma,Prof. Singh,ABC Engineering College,XYZ University,9.21,42.02,5,79.07,22,7,16,0,116,1,2,3,High
S0185,Student_185,student185@college.edu,REG20230185,B.Tech,MECH,3,A,Dr. Mehta,Prof. Kumar,ABC Engineering College,XYZ University,7.08,52.88,2,72.08,24,9,15,0,95,0,5,1,High
S0186,Student_186,student186@college.edu,REG20230186,B.Tech,CSE,3,A,Dr. Sharma,Prof. Singh,ABC Engineering College,XYZ University,8.13,64.97,0,35.31,1,9,14,1,92,0,2,1,Medium
S0187,Student_187,student187@college.edu,REG20230187,MBA,ECE,4,B,Dr. Mehta,Prof. Singh,ABC Engineering College,XYZ University,7.07,85.58,5,60.62,14,2,7,0,39,0,2,3,Medium
S0188,Student_188,student188@college.edu,REG20230188,MBA,CSE,1,C,Dr. Sharma,Prof. Kumar,ABC Engineering College,XYZ University,7.04,51.27,1,66.41,4,9,18,0,50,1,2,2,Medium
S0189,Student_189,student189@college.edu,REG20230189,M.Tech,CSE,2,B,Dr. Mehta,Prof. Kumar,ABC Engineering College,XYZ University,4.52,83.19,0,51.72,19,6,7,1,46,0,4,3,Medium
S0190,Student_190,student190@college.edu,REG20230190,MBA,CSE,3,A,Dr. Rao,Prof. Kumar,ABC Engineering College,XYZ University,5.89,92.02,2,52.5,5,8,17,1,43,1,2,4,Medium
S0191,Student_191,student191@college.edu,REG20230191,B.Tech,CIVIL,2,A,Dr. Mehta,Prof. Kumar,ABC Engineering College,XYZ University,5.55,67.24,5,87.86,5,3,15,0,94,0,1,4,Medium
S0192,Student_192,student192@college.edu,REG20230192,M.Tech,EEE,2,B,Dr. Mehta,Prof. Singh,ABC Engineering College,XYZ University,6.15,89.29,4,84.04,17,7,19,1,53,1,1,4,Medium
S0193,Student_193,student193@college.edu,REG20230193,B.Tech,CSE,3,C,Dr. Sharma,Prof. Singh,ABC Engineering College,XYZ University,8.39,73.28,2,81.7,17,2,18,0,66,0,5,5,Medium
S0194,Student_194,student194@college.edu,REG20230194,B.Tech,EEE,2,C,Dr. Mehta,Prof. Singh,ABC Engineering College,XYZ University,6.05,78.23,1,57.33,3,6,9,1,42,0,4,2,Medium
S0195,Student_195,student195@college.edu,REG20230195,MBA,MECH,3,A,Dr. Rao,Prof. Kumar,ABC Engineering College,XYZ University,6.48,71.58,5,35.75,16,2,16,1,27,1,1,2,Medium
S0196,Student_196,student196@college.edu,REG20230196,M.Tech,ECE,2,A,Dr. Rao,Prof. Kumar,ABC Engineering College,XYZ University,6.19,67.79,3,39.41,24,6,12,1,26,1,4,5,High
S0197,Student_197,student197@college.edu,REG20230197,MBA,MECH,3,C,Dr. Sharma,Prof. Kumar,ABC Engineering College,XYZ University,4.51,54.08,0,52.17,13,9,12,1,8,1,4,1,Medium
S0198,Student_198,student198@college.edu,REG20230198,MBA,MECH,1,B,Dr. Rao,Prof. Singh,ABC Engineering College,XYZ University,6.43,58.19,4,35.87,13,9,6,0,53,1,5,4,High
S0199,Student_199,student199@college.edu,REG20230199,M.Tech,CIVIL,4,A,Dr. Mehta,Prof. Kumar,ABC Engineering College,XYZ University,5.08,57.4,3,35.94,12,5,9,1,63,1,4,4,High
S0200,Student_200,student200@college.edu,REG20230200,B.Tech,ECE,3,A,Dr. Rao,Prof. Singh,ABC Engineering College,XYZ University,5.03,73.8,5,85.41,6,1,1,1,77,0,2,1,Medium
S0201,Student_201,student201@college.edu,REG20230201,B.Tech,MECH,3,C,Dr. Sharma,Prof. Kumar,ABC Engineering College,XYZ University,4.52,47.2,5,73.84,11,2,3,1,72,1,4,3,High
S0202,Student_202,student202@college.edu,REG20230202,M.Tech,MECH,4,B,Dr. Mehta,Prof. Singh,ABC Engineering College,XYZ University,5.96,95.01,2,51.99,22,5,5,0,75,0,5,3,Medium
S0203,Student_203,student203@college.edu,REG20230203,B.Tech,ECE,3,C,Dr. Sharma,Prof. Singh,ABC Engineering College,XYZ University,8.17,83.24,5,42.3,14,3,17,0,91,0,5,2,Medium
S0204,Student_204,student204@college.edu,REG20230204,M.Tech,ECE,3,B,Dr. Mehta,Prof. Kumar,ABC Engineering College,XYZ University,5.52,64.09,4,63.14,18,5,5,1,6,0,5,5,High
S0205,Student_205,student205@college.edu,REG20230205,M.Tech,MECH,2,B,Dr. Rao,Prof. Kumar,ABC Engineering College,XYZ University,5.72,49.52,3,35.29,10,0,16,1,53,0,1,2,Medium
S0206,Student_206,student206@college.edu,REG20230206,MBA,ECE,4,B,Dr. Sharma,Prof. Singh,ABC Engineering College,XYZ University,7.53,92.92,4,86.61,14,9,13,1,92,0,2,3,Medium
S0207,Student_207,student207@college.edu,REG20230207,M.Tech,MECH,1,A,Dr. Sharma,Prof. Singh,ABC Engineering College,XYZ University,5.08,89.43,1,57.81,11,0,10,1,108,1,1,1,Low
S0208,Student_208,student208@college.edu,REG20230208,MBA,MECH,3,C,Dr. Mehta,Prof. Kumar,ABC Engineering College,XYZ University,8.93,83.3,1,57.13,2,2,18,1,99,1,3,2,Low
S0209,Student_209,student209@college.edu,REG20230209,B.Tech,CIVIL,4,C,Dr. Sharma,Prof. Kumar,ABC Engineering College,XYZ University,6.86,56.29,0,56.48,16,7,1,1,115,0,2,4,Medium
S0210,Student_210,student210@college.edu,REG20230210,B.Tech,CSE,2,B,Dr. Mehta,Prof. Singh,ABC Engineering College,XYZ University,6.46,64.15,0,38.81,2,7,2,0,35,0,4,4,Medium
S0211,Student_211,student211@college.edu,REG20230211,B.Tech,MECH,1,A,Dr. Mehta,Prof. Kumar,ABC Engineering College,XYZ University,7.07,46.16,1,70.11,18,3,10,1,115,1,5,1,Medium
S0212,Student_212,student212@college.edu,REG20230212,B.Tech,EEE,4,A,Dr. Mehta,Prof. Singh,ABC Engineering College,XYZ University,4.91,51.34,5,75.32,19,5,5,1,44,1,3,3,High
S0213,Student_213,student213@college.edu,REG20230213,MBA,CSE,1,C,Dr. Mehta,Prof. Singh,ABC Engineering College,XYZ University,7.37,86.98,4,72.19,3,7,13,1,52,0,2,4,Medium
S0214,Student_214,student214@college.edu,REG20230214,B.Tech,CSE,1,A,Dr. Rao,Prof. Kumar,ABC Engineering College,XYZ University,6.0,82.9,1,42.61,2,6,18,1,55,1,1,4,Medium
S0215,Student_215,student215@college.edu,REG20230215,M.Tech,CSE,1,A,Dr. Mehta,Prof. Kumar,ABC Engineering College,XYZ University,8.93,75.61,0,66.84,15,6,15,1,47,1,5,5,Medium
S0216,Student_216,student216@college.edu,REG20230216,M.Tech,CIVIL,3,B,Dr. Sharma,Prof. Kumar,ABC Engineering College,XYZ University,4.93,93.74,1,66.32,11,3,6,1,102,1,1,2,Low
S0217,Student_217,student217@college.edu,REG20230217,M.Tech,MECH,3,A,Dr. Rao,Prof. Kumar,ABC Engineering College,XYZ University,6.79,75.0,5,82.76,7,8,7,0,59,0,2,3,High
S0218,Student_218,student218@college.edu,REG20230218,MBA,CIVIL,2,B,Dr. Sharma,Prof. Kumar,ABC Engineering College,XYZ University,7.29,68.02,1,55.85,23,9,18,0,92,1,2,2,Medium
S0219,Student_219,student219@college.edu,REG20230219,B.Tech,MECH,2,C,Dr. Rao,Prof. Singh,ABC Engineering College,XYZ University,4.18,60.42,4,55.43,16,5,19,0,53,0,3,3,High
S0220,Student_220,student220@college.edu,REG20230220,B.Tech,CIVIL,4,A,Dr. Mehta,Prof. Singh,ABC Engineering College,XYZ University,6.0,96.43,3,69.02,6,2,15,0,94,0,4,4,Medium
S0221,Student_221,student221@college.edu,REG20230221,B.Tech,CIVIL,2,C,Dr. Rao,Prof. Kumar,ABC Engineering College,XYZ University,8.03,44.96,5,69.82,10,4,6,0,84,0,1,5,Medium
S0222,Student_222,student222@college.edu,REG20230222,MBA,EEE,1,C,Dr. Rao,Prof. Kumar,ABC Engineering College,XYZ University,8.51,95.85,0,60.81,17,4,8,0,61,0,3,2,Low
S0223,Student_223,student223@college.edu,REG20230223,M.Tech,CIVIL,1,A,Dr. Sharma,Prof. Kumar,ABC Engineering College,XYZ University,5.72,89.6,4,59.37,0,4,12,1,115,0,5,4,Medium
S0224,Student_224,student224@college.edu,REG20230224,M.Tech,ECE,3,A,Dr. Sharma,Prof. Singh,ABC Engineering College,XYZ University,8.39,47.8,1,62.18,2,7,0,1,81,1,4,3,Medium
S0225,Student_225,student225@college.edu,REG20230225,B.Tech,EEE,1,C,Dr. Mehta,Prof. Kumar,ABC Engineering College,XYZ University,9.32,73.9,1,82.36,3,8,7,1,19,0,3,2,Medium
S0226,Student_226,student226@college.edu,REG20230226,M.Tech,CIVIL,4,A,Dr. Rao,Prof. Kumar,ABC Engineering College,XYZ University,8.71,91.99,3,60.36,12,8,3,1,31,0,1,2,Medium
S0227,Student_227,student227@college.edu,REG20230227,M.Tech,CSE,1,B,Dr. Rao,Prof. Singh,ABC Engineering College,XYZ University,4.65,74.31,0,86.7,5,5,2,1,72,0,2,4,Medium
S0228,Student_228,student228@college.edu,REG20230228,MBA,ECE,1,B,Dr. Rao,Prof. Singh,ABC Engineering College,XYZ University,8.07,94.43,0,62.72,13,5,2,1,84,1,5,2,Low
S0229,Student_229,student229@college.edu,REG20230229,MBA,ECE,4,A,Dr. Mehta,Prof. Kumar,ABC Engineering College,XYZ University,5.76,96.58,2,87.21,4,8,12,0,68,1,1,5,Medium
S0230,Student_230,student230@college.edu,REG20230230,MBA,ECE,2,C,Dr. Mehta,Prof. Kumar,ABC Engineering College,XYZ University,9.44,65.34,0,80.81,15,3,7,1,98,1,4,5,Medium
S0231,Student_231,student231@college.edu,REG20230231,MBA,EEE,2,A,Dr. Mehta,Prof. Kumar,ABC Engineering College,XYZ University,6.67,62.64,3,54.93,14,5,6,0,112,1,4,4,Medium
S0232,Student_232,student232@college.edu,REG20230232,B.Tech,CIVIL,4,A,Dr. Mehta,Prof. Singh,ABC Engineering College,XYZ University,4.67,96.18,2,82.5,14,3,0,0,34,1,2,3,Medium
S0233,Student_233,student233@college.edu,REG20230233,MBA,CIVIL,3,C,Dr. Mehta,Prof. Kumar,ABC Engineering College,XYZ University,7.99,80.51,2,41.05,3,0,15,1,40,1,2,4,Low
S0234,Student_234,student234@college.edu,REG20230234,M.Tech,CSE,1,C,Dr. Sharma,Prof. Kumar,ABC Engineering College,XYZ University,5.78,46.96,1,85.88,7,6,5,1,71,1,5,5,High
S0235,Student_235,student235@college.edu,REG20230235,B.Tech,CSE,4,B,Dr. Rao,Prof. Kumar,ABC Engineering College,XYZ University,9.48,42.54,1,69.74,15,9,6,1,90,0,5,1,Medium
S0236,Student_236,student236@college.edu,REG20230236,M.Tech,ECE,1,C,Dr. Rao,Prof. Singh,ABC Engineering College,XYZ University,9.39,73.88,0,37.99,15,5,11,1,117,0,2,1,Low
S0237,Student_237,student237@college.edu,REG20230237,M.Tech,CSE,3,B,Dr. Rao,Prof. Singh,ABC Engineering College,XYZ University,7.61,95.81,2,70.43,3,8,8,1,90,1,2,2,Medium
S0238,Student_238,student238@college.edu,REG20230238,M.Tech,EEE,1,C,Dr. Rao,Prof. Kumar,ABC Engineering College,XYZ University,4.71,90.65,1,88.58,12,6,10,1,118,0,4,2,Medium
S0239,Student_239,student239@college.edu,REG20230239,MBA,CIVIL,4,A,Dr. Rao,Prof. Kumar,ABC Engineering College,XYZ University,7.78,80.55,3,38.84,12,6,9,1,118,0,2,1,Medium
S0240,Student_240,student240@college.edu,REG20230240,MBA,ECE,1,B,Dr. Rao,Prof. Singh,ABC Engineering College,XYZ University,4.51,48.35,1,65.51,1,1,0,0,53,1,3,5,Medium
S0241,Student_241,student241@college.edu,REG20230241,B.Tech,CSE,2,B,Dr. Rao,Prof. Singh,ABC Engineering College,XYZ University,4.16,55.25,5,76.13,2,8,17,1,80,0,1,2,High
S0242,Student_242,student242@college.edu,REG20230242,B.Tech,EEE,3,B,Dr. Rao,Prof. Singh,ABC Engineering College,XYZ University,8.53,92.53,5,79.56,21,9,3,1,59,0,2,4,Medium
S0243,Student_243,student243@college.edu,REG20230243,MBA,EEE,3,A,Dr. Sharma,Prof. Singh,ABC Engineering College,XYZ University,5.15,50.97,1,57.76,7,8,4,0,89,1,5,4,High
S0244,Student_244,student244@college.edu,REG20230244,M.Tech,CSE,3,A,Dr. Rao,Prof. Singh,ABC Engineering College,XYZ University,6.08,56.71,2,46.23,23,5,8,1,60,0,3,5,Medium
S0245,Student_245,student245@college.edu,REG20230245,B.Tech,CIVIL,4,A,Dr. Sharma,Prof. Singh,ABC Engineering College,XYZ University,9.35,47.78,2,37.33,14,2,16,1,72,1,5,2,Medium
S0246,Student_246,student246@college.edu,REG20230246,MBA,CSE,3,A,Dr. Mehta,Prof. Singh,ABC Engineering College,XYZ University,5.85,80.57,4,66.88,10,0,2,0,99,1,3,4,Medium
S0247,Student_247,student247@college.edu,REG20230247,MBA,ECE,2,A,Dr. Rao,Prof. Singh,ABC Engineering College,XYZ University,5.63,96.64,5,59.91,8,3,15,1,48,0,2,2,Medium
S0248,Student_248,student248@college.edu,REG20230248,MBA,CSE,4,B,Dr. Mehta,Prof. Singh,ABC Engineering College,XYZ University,9.05,56.14,3,87.18,6,2,4,1,35,0,1,2,Low
S0249,Student_249,student249@college.edu,REG20230249,M.Tech,EEE,2,A,Dr. Mehta,Prof. Kumar,ABC Engineering College,XYZ University,4.61,68.52,2,38.33,12,0,15,1,62,0,5,4,Medium
S0250,Student_250,student250@college.edu,REG20230250,MBA,CSE,1,B,Dr. Mehta,Prof. Kumar,ABC Engineering College,XYZ University,8.18,78.06,0,72.7,1,2,2,1,91,1,3,1,Low
S0251,Student_251,student251@college.edu,REG20230251,MBA,CIVIL,1,A,Dr. Sharma,Prof. Kumar,ABC Engineering College,XYZ University,9.43,99.97,5,36.37,7,3,19,1,57,1,4,4,Medium
S0252,Student_252,student252@college.edu,REG20230252,MBA,MECH,1,C,Dr. Mehta,Prof. Singh,ABC Engineering College,XYZ University,8.96,46.29,3,44.43,6,7,14,1,88,1,2,5,Medium
S0253,Student_253,student253@college.edu,REG20230253,MBA,CSE,1,B,Dr. Mehta,Prof. Kumar,ABC Engineering College,XYZ University,7.58,69.91,3,59.95,23,8,2,0,83,0,1,3,Medium
S0254,Student_254,student254@college.edu,REG20230254,B.Tech,CIVIL,2,C,Dr. Mehta,Prof. Singh,ABC Engineering College,XYZ University,5.73,63.11,2,60.02,11,2,19,1,27,0,2,4,Medium
S0255,Student_255,student255@college.edu,REG20230255,B.Tech,CIVIL,4,B,Dr. Rao,Prof. Singh,ABC Engineering College,XYZ University,5.4,91.95,3,72.71,18,5,13,1,32,1,4,2,Medium
S0256,Student_256,student256@college.edu,REG20230256,MBA,EEE,4,C,Dr. Rao,Prof. Kumar,ABC Engineering College,XYZ University,8.51,68.56,2,85.06,6,9,15,0,20,0,1,2,Medium
S0257,Student_257,student257@college.edu,REG20230257,M.Tech,CIVIL,3,A,Dr. Sharma,Prof. Singh,ABC Engineering College,XYZ University,8.84,46.66,1,70.15,9,4,16,0,41,0,4,4,Medium
S0258,Student_258,student258@college.edu,REG20230258,B.Tech,CIVIL,2,A,Dr. Sharma,Prof. Kumar,ABC Engineering College,XYZ University,6.89,78.07,5,87.44,24,5,19,1,25,1,2,3,Medium
S0259,Student_259,student259@college.edu,REG20230259,MBA,CIVIL,1,A,Dr. Rao,Prof. Kumar,ABC Engineering College,XYZ University,5.34,86.25,4,83.49,15,3,17,0,83,1,3,4,Medium
S0260,Student_260,student260@college.edu,REG20230260,B.Tech,CIVIL,2,B,Dr. Sharma,Prof. Kumar,ABC Engineering College,XYZ University,4.62,40.17,1,67.15,2,9,17,1,21,0,2,3,High
S0261,Student_261,student261@college.edu,REG20230261,B.Tech,ECE,3,C,Dr. Rao,Prof. Singh,ABC Engineering College,XYZ University,4.48,91.54,5,80.86,9,5,13,1,118,1,2,3,Medium
S0262,Student_262,student262@college.edu,REG20230262,M.Tech,ECE,3,A,Dr. Mehta,Prof. Kumar,ABC Engineering College,XYZ University,7.95,51.16,2,70.34,5,6,17,0,41,0,2,5,Medium
S0263,Student_263,student263@college.edu,REG20230263,MBA,EEE,2,C,Dr. Mehta,Prof. Singh,ABC Engineering College,XYZ University,6.31,73.12,5,39.32,17,8,14,1,81,1,5,2,High
S0264,Student_264,student264@college.edu,REG20230264,MBA,CSE,2,C,Dr. Sharma,Prof. Kumar,ABC Engineering College,XYZ University,8.98,64.95,2,75.73,17,9,14,1,23,1,4,2,Medium
S0265,Student_265,student265@college.edu,REG20230265,M.Tech,CIVIL,2,A,Dr. Rao,Prof. Kumar,ABC Engineering College,XYZ University,8.07,83.18,1,40.22,4,6,5,0,34,1,4,3,Medium
S0266,Student_266,student266@college.edu,REG20230266,M.Tech,CSE,4,A,Dr. Rao,Prof. Kumar,ABC Engineering College,XYZ University,5.05,62.27,0,67.67,20,5,14,0,49,0,4,2,Medium
S0267,Student_267,student267@college.edu,REG20230267,MBA,CSE,1,C,Dr. Sharma,Prof. Singh,ABC Engineering College,XYZ University,7.38,92.19,0,73.65,6,0,17,0,22,0,5,1,Low
S0268,Student_268,student268@college.edu,REG20230268,MBA,EEE,2,A,Dr. Rao,Prof. Singh,ABC Engineering College,XYZ University,6.4,83.83,5,38.66,1,1,3,0,82,1,3,3,Medium
S0269,Student_269,student269@college.edu,REG20230269,M.Tech,CIVIL,2,A,Dr. Mehta,Prof. Singh,ABC Engineering College,XYZ University,7.17,78.86,0,47.69,10,0,7,1,66,1,2,2,Low
S0270,Student_270,student270@college.edu,REG20230270,B.Tech,CIVIL,2,A,Dr. Sharma,Prof. Kumar,ABC Engineering College,XYZ University,8.06,87.77,2,85.36,12,8,14,0,40,1,3,1,Medium
S0271,Student_271,student271@college.edu,REG20230271,B.Tech,MECH,3,B,Dr. Sharma,Prof. Kumar,ABC Engineering College,XYZ University,8.43,85.24,3,68.9,22,9,2,0,104,0,5,5,High
S0272,Student_272,student272@college.edu,REG20230272,M.Tech,CSE,3,C,Dr. Rao,Prof. Singh,ABC Engineering College,XYZ University,8.64,42.16,2,48.55,4,9,14,0,88,1,4,2,High
S0273,Student_273,student273@college.edu,REG20230273,B.Tech,CSE,4,C,Dr. Sharma,Prof. Singh,ABC Engineering College,XYZ University,5.4,63.68,3,72.99,5,8,12,0,56,1,2,1,Medium
S0274,Student_274,student274@college.edu,REG20230274,M.Tech,ECE,1,B,Dr. Rao,Prof. Singh,ABC Engineering College,XYZ University,4.17,95.85,1,67.82,23,6,8,0,23,1,1,4,Medium
S0275,Student_275,student275@college.edu,REG20230275,B.Tech,MECH,4,C,Dr. Rao,Prof. Singh,ABC Engineering College,XYZ University,8.07,47.54,4,62.59,13,1,1,1,113,1,1,4,Medium
S0276,Student_276,student276@college.edu,REG20230276,B.Tech,ECE,1,A,Dr. Rao,Prof. Singh,ABC Engineering College,XYZ University,4.58,84.23,3,88.69,11,5,7,0,48,0,3,1,Medium
S0277,Student_277,student277@college.edu,REG20230277,MBA,ECE,3,C,Dr. Rao,Prof. Singh,ABC Engineering College,XYZ University,5.73,98.48,0,72.59,3,3,19,1,11,0,4,3,Low
S0278,Student_278,student278@college.edu,REG20230278,MBA,ECE,3,A,Dr. Rao,Prof. Kumar,ABC Engineering College,XYZ University,4.02,43.13,2,55.65,22,0,16,0,48,1,1,3,Medium
S0279,Student_279,student279@college.edu,REG20230279,B.Tech,EEE,3,B,Dr. Sharma,Prof. Singh,ABC Engineering College,XYZ University,7.75,80.93,1,79.0,5,0,12,0,72,0,3,2,Low
S0280,Student_280,student280@college.edu,REG20230280,B.Tech,EEE,4,A,Dr. Mehta,Prof. Kumar,ABC Engineering College,XYZ University,4.92,68.09,0,83.65,9,4,0,0,38,0,5,4,Medium
S0281,Student_281,student281@college.edu,REG20230281,MBA,ECE,2,C,Dr. Mehta,Prof. Kumar,ABC Engineering College,XYZ University,7.6,74.75,1,41.89,17,1,1,0,70,0,3,3,Low
S0282,Student_282,student282@college.edu,REG20230282,MBA,MECH,2,C,Dr. Sharma,Prof. Singh,ABC Engineering College,XYZ University,9.45,45.12,4,46.03,14,3,14,0,73,1,3,3,Medium
S0283,Student_283,student283@college.edu,REG20230283,MBA,CSE,3,C,Dr. Sharma,Prof. Singh,ABC Engineering College,XYZ University,4.4,42.58,2,46.89,7,0,11,0,59,0,3,4,Medium
S0284,Student_284,student284@college.edu,REG20230284,M.Tech,MECH,2,B,Dr. Mehta,Prof. Kumar,ABC Engineering College,XYZ University,4.42,80.01,5,73.02,8,3,13,0,14,0,2,5,High
S0285,Student_285,student285@college.edu,REG20230285,B.Tech,CIVIL,2,B,Dr. Mehta,Prof. Singh,ABC Engineering College,XYZ University,5.87,89.4,2,68.17,4,5,1,0,100,0,3,3,Medium
S0286,Student_286,student286@college.edu,REG20230286,MBA,EEE,4,C,Dr. Mehta,Prof. Singh,ABC Engineering College,XYZ University,8.77,86.92,4,69.04,9,9,17,1,46,1,3,1,Medium
S0287,Student_287,student287@college.edu,REG20230287,B.Tech,CSE,1,A,Dr. Mehta,Prof. Kumar,ABC Engineering College,XYZ University,5.19,72.63,2,86.74,19,3,6,0,45,1,2,2,Medium
S0288,Student_288,student288@college.edu,REG20230288,M.Tech,CSE,3,B,Dr. Mehta,Prof. Kumar,ABC Engineering College,XYZ University,5.98,45.99,5,77.68,5,0,5,1,81,0,2,3,Medium
S0289,Student_289,student289@college.edu,REG20230289,M.Tech,CIVIL,3,C,Dr. Rao,Prof. Kumar,ABC Engineering College,XYZ University,4.38,81.28,3,42.04,15,6,13,0,107,0,5,3,High
S0290,Student_290,student290@college.edu,REG20230290,MBA,CIVIL,4,C,Dr. Sharma,Prof. Singh,ABC Engineering College,XYZ University,8.2,54.51,1,54.11,23,1,7,1,73,1,4,5,Medium
S0291,Student_291,student291@college.edu,REG20230291,M.Tech,ECE,4,B,Dr. Rao,Prof. Kumar,ABC Engineering College,XYZ University,6.25,94.66,5,58.95,2,8,1,0,14,1,1,1,Medium
S0292,Student_292,student292@college.edu,REG20230292,B.Tech,EEE,2,B,Dr. Mehta,Prof. Singh,ABC Engineering College,XYZ University,8.18,90.3,0,56.78,9,2,16,0,14,0,1,2,Low
S0293,Student_293,student293@college.edu,REG20230293,MBA,EEE,3,B,Dr. Mehta,Prof. Kumar,ABC Engineering College,XYZ University,8.97,82.56,4,71.81,10,7,4,0,106,0,3,3,Medium
S0294,Student_294,student294@college.edu,REG20230294,B.Tech,MECH,1,A,Dr. Mehta,Prof. Kumar,ABC Engineering College,XYZ University,5.28,96.93,3,84.05,10,7,13,1,95,1,5,2,Medium
S0295,Student_295,student295@college.edu,REG20230295,B.Tech,ECE,4,A,Dr. Rao,Prof. Kumar,ABC Engineering College,XYZ University,8.44,41.89,0,51.83,16,2,19,1,64,1,3,4,Medium
S0296,Student_296,student296@college.edu,REG20230296,M.Tech,ECE,1,C,Dr. Rao,Prof. Singh,ABC Engineering College,XYZ University,4.33,84.17,0,65.35,3,3,2,1,55,0,1,3,Low
S0297,Student_297,student297@college.edu,REG20230297,M.Tech,ECE,1,B,Dr. Mehta,Prof. Singh,ABC Engineering College,XYZ University,8.94,59.81,4,78.42,3,1,4,1,25,1,2,3,Medium
S0298,Student_298,student298@college.edu,REG20230298,M.Tech,ECE,3,A,Dr. Rao,Prof. Kumar,ABC Engineering College,XYZ University,7.58,94.36,3,57.89,16,3,15,0,12,0,4,4,Medium
S0299,Student_299,student299@college.edu,REG20230299,M.Tech,EEE,3,B,Dr. Rao,Prof. Kumar,ABC Engineering College,XYZ University,8.81,56.0,0,44.25,8,8,17,0,69,0,5,5,Medium
S0300,Student_300,student300@college.edu,REG20230300,M.Tech,EEE,4,C,Dr. Mehta,Prof. Kumar,ABC Engineering College,XYZ University,4.0,83.49,0,61.12,18,1,16,0,96,0,2,3,Low
S0301,Student_301,student301@college.edu,REG20230301,MBA,ECE,3,A,Dr. Rao,Prof. Singh,ABC Engineering College,XYZ University,4.93,92.66,3,38.04,4,2,10,1,117,1,4,2,Medium
S0302,Student_302,student302@college.edu,REG20230302,B.Tech,MECH,3,A,Dr. Sharma,Prof. Kumar,ABC Engineering College,XYZ University,6.14,42.5,2,86.83,21,3,16,0,107,0,5,1,Medium
S0303,Student_303,student303@college.edu,REG20230303,B.Tech,CSE,3,A,Dr. Sharma,Prof. Singh,ABC Engineering College,XYZ University,6.09,63.86,0,39.12,23,4,15,1,82,0,5,2,Medium
S0304,Student_304,student304@college.edu,REG20230304,B.Tech,CSE,1,C,Dr. Sharma,Prof. Kumar,ABC Engineering College,XYZ University,5.25,85.74,1,59.12,5,0,1,1,89,1,1,5,Low
S0305,Student_305,student305@college.edu,REG20230305,B.Tech,MECH,4,B,Dr. Sharma,Prof. Kumar,ABC Engineering College,XYZ University,6.1,67.3,3,64.14,2,6,3,1,34,1,2,1,Medium
S0306,Student_306,student306@college.edu,REG20230306,M.Tech,ECE,2,A,Dr. Mehta,Prof. Kumar,ABC Engineering College,XYZ University,4.71,56.04,0,89.19,21,9,6,1,89,0,5,2,High
S0307,Student_307,student307@college.edu,REG20230307,B.Tech,EEE,1,C,Dr. Mehta,Prof. Kumar,ABC Engineering College,XYZ University,6.27,53.19,4,44.13,0,6,1,1,53,0,5,2,High
S0308,Student_308,student308@college.edu,REG20230308,MBA,CSE,3,B,Dr. Mehta,Prof. Kumar,ABC Engineering College,XYZ University,8.41,47.89,5,41.29,19,8,5,0,13,1,4,4,High
S0309,Student_309,student309@college.edu,REG20230309,MBA,CIVIL,1,C,Dr. Sharma,Prof. Kumar,ABC Engineering College,XYZ University,6.63,91.43,1,35.48,21,3,16,1,21,1,1,5,Low
S0310,Student_310,student310@college.edu,REG20230310,B.Tech,CIVIL,3,B,Dr. Sharma,Prof. Singh,ABC Engineering College,XYZ University,4.1,74.52,5,43.56,15,5,6,1,73,1,3,4,High
S0311,Student_311,student311@college.edu,REG20230311,B.Tech,MECH,3,C,Dr. Rao,Prof. Kumar,ABC Engineering College,XYZ University,6.32,44.58,5,46.4,22,1,4,0,62,0,1,1,Medium
S0312,Student_312,student312@college.edu,REG20230312,MBA,ECE,1,B,Dr. Rao,Prof. Singh,ABC Engineering College,XYZ University,4.15,62.95,0,69.68,10,3,4,1,61,0,3,4,Medium
S0313,Student_313,student313@college.edu,REG20230313,MBA,CSE,4,A,Dr. Sharma,Prof. Kumar,ABC Engineering College,XYZ University,9.31,62.06,1,47.08,12,1,19,1,66,0,2,5,Low
S0314,Student_314,student314@college.edu,REG20230314,M.Tech,ECE,3,B,Dr. Sharma,Prof. Kumar,ABC Engineering College,XYZ University,4.7,50.9,1,36.13,9,9,15,0,99,1,2,3,High
S0315,Student_315,student315@college.edu,REG20230315,MBA,CSE,4,C,Dr. Sharma,Prof. Singh,ABC Engineering College,XYZ University,7.89,66.13,2,80.46,2,4,18,0,56,0,5,3,Medium
S0316,Student_316,student316@college.edu,REG20230316,M.Tech,MECH,2,C,Dr. Sharma,Prof. Kumar,ABC Engineering College,XYZ University,9.35,59.93,5,55.11,8,6,8,0,65,1,2,1,Medium
S0317,Student_317,student317@college.edu,REG20230317,M.Tech,MECH,3,B,Dr. Rao,Prof. Singh,ABC Engineering College,XYZ University,8.54,60.51,1,54.45,11,0,4,1,44,0,5,3,Low
S0318,Student_318,student318@college.edu,REG20230318,M.Tech,CIVIL,4,A,Dr. Sharma,Prof. Singh,ABC Engineering College,XYZ University,7.85,84.34,2,51.64,22,9,7,0,42,1,1,4,Medium
S0319,Student_319,student319@college.edu,REG20230319,M.Tech,ECE,4,A,Dr. Rao,Prof. Kumar,ABC Engineering College,XYZ University,8.62,53.4,3,88.65,13,9,8,0,47,0,2,1,Medium
S0320,Student_320,student320@college.edu,REG20230320,M.Tech,CIVIL,2,B,Dr. Sharma,Prof. Singh,ABC Engineering College,XYZ University,9.4,78.51,2,44.36,0,6,4,0,67,0,1,5,Medium
S0321,Student_321,student321@college.edu,REG20230321,B.Tech,ECE,4,B,Dr. Sharma,Prof. Singh,ABC Engineering College,XYZ University,7.42,74.24,4,84.4,17,9,9,1,23,1,1,1,Medium
S0322,Student_322,student322@college.edu,REG20230322,MBA,CIVIL,4,C,Dr. Sharma,Prof. Kumar,ABC Engineering College,XYZ University,7.08,74.09,0,77.72,16,5,1,0,104,1,2,1,Low
S0323,Student_323,student323@college.edu,REG20230323,M.Tech,EEE,2,A,Dr. Rao,Prof. Singh,ABC Engineering College,XYZ University,7.46,79.78,3,39.21,8,5,8,1,54,0,1,2,Medium
S0324,Student_324,student324@college.edu,REG20230324,MBA,EEE,3,B,Dr. Rao,Prof. Kumar,ABC Engineering College,XYZ University,6.93,72.9,3,89.27,8,7,10,1,37,1,2,2,Medium
S0325,Student_325,student325@college.edu,REG20230325,MBA,EEE,4,A,Dr. Mehta,Prof. Kumar,ABC Engineering College,XYZ University,7.49,92.76,4,49.93,22,7,3,0,17,1,2,1,Medium
S0326,Student_326,student326@college.edu,REG20230326,M.Tech,EEE,4,B,Dr. Sharma,Prof. Kumar,ABC Engineering College,XYZ University,6.47,80.53,2,40.42,9,5,1,1,82,0,2,3,Medium
S0327,Student_327,student327@college.edu,REG20230327,B.Tech,CSE,4,B,Dr. Mehta,Prof. Kumar,ABC Engineering College,XYZ University,5.2,72.82,0,80.61,18,2,5,1,101,1,3,2,Low
S0328,Student_328,student328@college.edu,REG20230328,M.Tech,EEE,1,A,Dr. Mehta,Prof. Singh,ABC Engineering College,XYZ University,4.66,89.79,2,73.87,14,4,13,0,66,0,1,5,Medium
S0329,Student_329,student329@college.edu,REG20230329,B.Tech,MECH,2,B,Dr. Rao,Prof. Kumar,ABC Engineering College,XYZ University,4.38,76.37,1,68.95,4,1,0,1,97,0,4,4,Medium
S0330,Student_330,student330@college.edu,REG20230330,MBA,MECH,1,B,Dr. Rao,Prof. Kumar,ABC Engineering College,XYZ University,5.45,57.47,2,43.58,14,4,17,0,47,1,2,2,Medium
S0331,Student_331,student331@college.edu,REG20230331,B.Tech,CSE,2,C,Dr. Mehta,Prof. Singh,ABC Engineering College,XYZ University,4.25,52.43,3,61.32,19,8,6,1,53,1,1,1,High
S0332,Student_332,student332@college.edu,REG20230332,B.Tech,EEE,3,B,Dr. Sharma,Prof. Kumar,ABC Engineering College,XYZ University,7.12,49.14,0,77.93,22,9,0,1,40,0,5,3,Medium
S0333,Student_333,student333@college.edu,REG20230333,B.Tech,EEE,3,B,Dr. Rao,Prof. Kumar,ABC Engineering College,XYZ University,5.56,93.97,2,51.7,24,0,0,0,112,0,2,4,Low
S0334,Student_334,student334@college.edu,REG20230334,MBA,EEE,4,B,Dr. Sharma,Prof. Singh,ABC Engineering College,XYZ University,8.53,82.61,0,52.14,1,9,0,0,14,0,2,2,Medium
S0335,Student_335,student335@college.edu,REG20230335,MBA,CIVIL,2,C,Dr. Sharma,Prof. Singh,ABC Engineering College,XYZ University,4.41,96.24,0,35.17,12,4,3,1,99,0,4,3,Medium
S0336,Student_336,student336@college.edu,REG20230336,B.Tech,ECE,3,A,Dr. Mehta,Prof. Singh,ABC Engineering College,XYZ University,5.24,76.2,1,44.58,23,5,3,1,10,0,3,3,Medium
S0337,Student_337,student337@college.edu,REG20230337,B.Tech,CIVIL,2,C,Dr. Mehta,Prof. Singh,ABC Engineering College,XYZ University,8.02,68.4,1,83.15,15,6,17,0,61,0,3,3,Medium
S0338,Student_338,student338@college.edu,REG20230338,M.Tech,ECE,3,C,Dr. Mehta,Prof. Singh,ABC Engineering College,XYZ University,7.29,43.58,3,59.3,14,8,10,1,5,1,2,1,Medium
S0339,Student_339,student339@college.edu,REG20230339,B.Tech,EEE,1,A,Dr. Mehta,Prof. Singh,ABC Engineering College,XYZ University,4.35,80.3,4,89.13,24,5,0,1,75,1,1,5,Medium
S0340,Student_340,student340@college.edu,REG20230340,M.Tech,EEE,3,C,Dr. Rao,Prof. Singh,ABC Engineering College,XYZ University,8.82,74.93,0,56.76,9,4,9,1,62,1,5,3,Medium
S0341,Student_341,student341@college.edu,REG20230341,B.Tech,CIVIL,1,A,Dr. Rao,Prof. Kumar,ABC Engineering College,XYZ University,8.82,99.41,4,74.34,13,6,8,1,95,0,5,4,Medium
S0342,Student_342,student342@college.edu,REG20230342,M.Tech,CIVIL,3,C,Dr. Mehta,Prof. Singh,ABC Engineering College,XYZ University,5.82,54.35,3,50.51,9,0,3,0,25,1,1,2,Medium
S0343,Student_343,student343@college.edu,REG20230343,MBA,ECE,4,A,Dr. Rao,Prof. Singh,ABC Engineering College,XYZ University,5.87,71.84,0,55.01,24,4,5,0,96,0,2,4,Medium
S0344,Student_344,student344@college.edu,REG20230344,B.Tech,MECH,1,B,Dr. Mehta,Prof. Singh,ABC Engineering College,XYZ University,9.44,79.06,0,45.49,13,1,15,0,84,0,5,1,Low
S0345,Student_345,student345@college.edu,REG20230345,B.Tech,ECE,3,C,Dr. Sharma,Prof. Kumar,ABC Engineering College,XYZ University,7.44,78.68,5,54.09,22,3,1,0,60,1,3,1,Medium
S0346,Student_346,student346@college.edu,REG20230346,B.Tech,CIVIL,4,C,Dr. Sharma,Prof. Kumar,ABC Engineering College,XYZ University,6.92,73.68,4,65.1,8,6,17,0,114,0,1,4,Medium
S0347,Student_347,student347@college.edu,REG20230347,B.Tech,CIVIL,1,C,Dr. Sharma,Prof. Singh,ABC Engineering College,XYZ University,8.61,86.62,2,89.55,24,4,9,0,91,0,4,5,Medium
S0348,Student_348,student348@college.edu,REG20230348,M.Tech,CSE,4,C,Dr. Mehta,Prof. Singh,ABC Engineering College,XYZ University,5.57,52.3,1,71.53,13,5,16,1,24,0,2,1,Medium
S0349,Student_349,student349@college.edu,REG20230349,B.Tech,CIVIL,2,B,Dr. Sharma,Prof. Singh,ABC Engineering College,XYZ University,6.36,83.54,2,45.96,2,1,12,0,106,0,1,1,Low
S0350,Student_350,student350@college.edu,REG20230350,MBA,CSE,2,C,Dr. Rao,Prof. Kumar,ABC Engineering College,XYZ University,5.47,77.18,4,37.47,19,2,17,1,58,0,5,4,Medium
S0351,Student_351,student351@college.edu,REG20230351,MBA,MECH,1,B,Dr. Sharma,Prof. Kumar,ABC Engineering College,XYZ University,8.34,93.76,1,41.95,15,6,12,1,29,0,2,1,Low
S0352,Student_352,student352@college.edu,REG20230352,B.Tech,ECE,3,B,Dr. Sharma,Prof. Singh,ABC Engineering College,XYZ University,7.15,90.83,2,65.94,1,1,16,1,32,1,3,5,Medium
S0353,Student_353,student353@college.edu,REG20230353,MBA,ECE,1,B,Dr. Sharma,Prof. Kumar,ABC Engineering College,XYZ University,7.62,58.91,5,77.08,9,5,4,0,9,0,2,5,High
S0354,Student_354,student354@college.edu,REG20230354,B.Tech,CSE,4,B,Dr. Rao,Prof. Singh,ABC Engineering College,XYZ University,5.39,56.57,1,86.72,2,4,10,1,25,0,2,5,Medium
S0355,Student_355,student355@college.edu,REG20230355,B.Tech,ECE,3,A,Dr. Mehta,Prof. Kumar,ABC Engineering College,XYZ University,5.21,98.9,0,35.87,10,9,6,0,22,0,3,2,Medium
S0356,Student_356,student356@college.edu,REG20230356,MBA,CIVIL,2,A,Dr. Rao,Prof. Kumar,ABC Engineering College,XYZ University,6.69,71.64,2,63.75,10,0,9,1,51,0,3,5,Medium
S0357,Student_357,student357@college.edu,REG20230357,B.Tech,EEE,3,C,Dr. Mehta,Prof. Singh,ABC Engineering College,XYZ University,8.06,94.39,1,60.9,20,9,16,1,74,1,2,5,Medium
S0358,Student_358,student358@college.edu,REG20230358,MBA,CSE,2,A,Dr. Mehta,Prof. Singh,ABC Engineering College,XYZ University,6.89,49.83,5,71.08,20,3,14,0,61,1,3,2,Medium
S0359,Student_359,student359@college.edu,REG20230359,M.Tech,ECE,3,A,Dr. Sharma,Prof. Singh,ABC Engineering College,XYZ University,4.18,78.57,1,65.78,21,1,17,1,97,0,1,3,Low
S0360,Student_360,student360@college.edu,REG20230360,B.Tech,CSE,3,C,Dr. Mehta,Prof. Singh,ABC Engineering College,XYZ University,8.78,88.59,1,72.79,12,3,18,1,23,0,3,1,Low
S0361,Student_361,student361@college.edu,REG20230361,M.Tech,CSE,3,C,Dr. Rao,Prof. Kumar,ABC Engineering College,XYZ University,4.36,96.84,5,71.19,6,0,1,1,101,0,3,5,Medium
S0362,Student_362,student362@college.edu,REG20230362,MBA,EEE,4,C,Dr. Rao,Prof. Kumar,ABC Engineering College,XYZ University,9.26,60.24,2,41.44,22,1,3,1,69,1,2,1,Low
S0363,Student_363,student363@college.edu,REG20230363,M.Tech,CIVIL,4,A,Dr. Mehta,Prof. Kumar,ABC Engineering College,XYZ University,4.14,83.5,3,78.98,16,7,2,0,113,1,1,4,Medium
S0364,Student_364,student364@college.edu,REG20230364,M.Tech,CSE,1,A,Dr. Sharma,Prof. Singh,ABC Engineering College,XYZ University,7.82,72.33,2,41.78,1,5,6,1,7,1,4,1,Medium
S0365,Student_365,student365@college.edu,REG20230365,MBA,ECE,1,C,Dr. Sharma,Prof. Kumar,ABC Engineering College,XYZ University,4.45,43.64,4,73.42,11,1,17,1,46,1,4,2,Medium
S0366,Student_366,student366@college.edu,REG20230366,M.Tech,MECH,2,B,Dr. Rao,Prof. Singh,ABC Engineering College,XYZ University,9.01,81.4,5,57.89,24,5,9,0,25,0,5,1,Medium
S0367,Student_367,student367@college.edu,REG20230367,M.Tech,CSE,4,C,Dr. Sharma,Prof. Kumar,ABC Engineering College,XYZ University,6.55,81.41,2,63.26,9,9,6,1,103,1,3,1,Medium
S0368,Student_368,student368@college.edu,REG20230368,MBA,CSE,2,B,Dr. Mehta,Prof. Singh,ABC Engineering College,XYZ University,4.76,95.84,1,84.68,17,8,7,1,109,1,3,1,Medium
S0369,Student_369,student369@college.edu,REG20230369,M.Tech,EEE,1,B,Dr. Mehta,Prof. Singh,ABC Engineering College,XYZ University,5.87,69.84,5,83.94,21,6,5,1,44,0,1,3,Medium
S0370,Student_370,student370@college.edu,REG20230370,MBA,CIVIL,2,C,Dr. Rao,Prof. Kumar,ABC Engineering College,XYZ University,4.91,53.82,0,79.98,10,8,0,1,71,0,4,3,Medium
S0371,Student_371,student371@college.edu,REG20230371,M.Tech,MECH,1,C,Dr. Mehta,Prof. Singh,ABC Engineering College,XYZ University,4.94,42.67,2,63.06,15,4,3,0,29,1,5,4,High
S0372,Student_372,student372@college.edu,REG20230372,MBA,ECE,4,C,Dr. Rao,Prof. Singh,ABC Engineering College,XYZ University,9.21,64.94,5,75.49,16,6,13,1,113,1,1,2,Medium
S0373,Student_373,student373@college.edu,REG20230373,MBA,MECH,3,A,Dr. Mehta,Prof. Kumar,ABC Engineering College,XYZ University,6.45,58.12,2,63.21,18,6,16,0,106,1,3,1,Medium
S0374,Student_374,student374@college.edu,REG20230374,M.Tech,ECE,4,B,Dr. Rao,Prof. Singh,ABC Engineering College,XYZ University,8.34,85.67,5,82.83,17,2,19,1,113,1,4,1,Medium
S0375,Student_375,student375@college.edu,REG20230375,M.Tech,CIVIL,2,A,Dr. Sharma,Prof. Singh,ABC Engineering College,XYZ University,7.52,61.26,1,57.15,2,6,17,1,59,0,5,1,Medium
S0376,Student_376,student376@college.edu,REG20230376,M.Tech,ECE,2,A,Dr. Mehta,Prof. Singh,ABC Engineering College,XYZ University,7.72,96.94,0,88.36,20,0,10,1,88,0,2,1,Low
S0377,Student_377,student377@college.edu,REG20230377,B.Tech,EEE,4,C,Dr. Mehta,Prof. Kumar,ABC Engineering College,XYZ University,4.72,97.74,0,86.28,15,8,13,0,56,1,4,3,Medium
S0378,Student_378,student378@college.edu,REG20230378,B.Tech,EEE,4,A,Dr. Rao,Prof. Kumar,ABC Engineering College,XYZ University,5.29,77.25,4,75.79,5,9,8,1,48,1,5,4,High
S0379,Student_379,student379@college.edu,REG20230379,B.Tech,EEE,1,C,Dr. Rao,Prof. Singh,ABC Engineering College,XYZ University,8.33,95.72,5,50.37,24,5,14,1,113,1,1,5,Medium
S0380,Student_380,student380@college.edu,REG20230380,MBA,EEE,2,B,Dr. Mehta,Prof. Kumar,ABC Engineering College,XYZ University,9.34,85.65,2,42.24,11,4,11,0,102,1,2,2,Low
S0381,Student_381,student381@college.edu,REG20230381,M.Tech,MECH,2,C,Dr. Rao,Prof. Singh,ABC Engineering College,XYZ University,5.44,72.81,0,82.01,10,6,9,0,89,1,5,1,Medium
S0382,Student_382,student382@college.edu,REG20230382,MBA,CIVIL,4,A,Dr. Mehta,Prof. Singh,ABC Engineering College,XYZ University,5.49,50.82,0,44.09,14,4,18,0,60,0,5,4,Medium
S0383,Student_383,student383@college.edu,REG20230383,B.Tech,ECE,3,A,Dr. Sharma,Prof. Singh,ABC Engineering College,XYZ University,6.6,67.52,3,81.98,14,9,18,0,59,0,3,5,High
S0384,Student_384,student384@college.edu,REG20230384,M.Tech,ECE,2,C,Dr. Rao,Prof. Singh,ABC Engineering College,XYZ University,9.41,73.65,3,61.99,15,4,5,1,116,0,4,4,Medium
S0385,Student_385,student385@college.edu,REG20230385,MBA,EEE,3,C,Dr. Mehta,Prof. Singh,ABC Engineering College,XYZ University,5.48,91.84,0,57.36,9,9,19,1,91,1,3,3,Medium
S0386,Student_386,student386@college.edu,REG20230386,M.Tech,EEE,4,A,Dr. Sharma,Prof. Kumar,ABC Engineering College,XYZ University,6.24,68.88,5,84.68,11,6,5,1,74,1,2,5,High
S0387,Student_387,student387@college.edu,REG20230387,MBA,CSE,4,B,Dr. Sharma,Prof. Singh,ABC Engineering College,XYZ University,8.9,93.86,4,68.21,12,9,7,1,119,0,5,4,High
S0388,Student_388,student388@college.edu,REG20230388,M.Tech,CIVIL,1,B,Dr. Mehta,Prof. Kumar,ABC Engineering College,XYZ University,4.02,80.46,0,66.71,3,6,0,0,81,0,3,3,Medium
S0389,Student_389,student389@college.edu,REG20230389,B.Tech,MECH,2,C,Dr. Rao,Prof. Kumar,ABC Engineering College,XYZ University,4.22,48.22,1,65.73,6,2,16,1,117,1,4,4,Medium
S0390,Student_390,student390@college.edu,REG20230390,B.Tech,ECE,3,B,Dr. Mehta,Prof. Singh,ABC Engineering College,XYZ University,7.32,99.7,2,55.41,21,2,16,1,91,0,2,4,Low
S0391,Student_391,student391@college.edu,REG20230391,M.Tech,CSE,1,A,Dr. Sharma,Prof. Singh,ABC Engineering College,XYZ University,8.99,71.63,4,78.21,1,9,14,1,77,1,1,5,Medium
S0392,Student_392,student392@college.edu,REG20230392,MBA,CSE,2,C,Dr. Mehta,Prof. Kumar,ABC Engineering College,XYZ University,5.31,63.51,1,48.9,14,2,6,1,85,1,3,3,Medium
S0393,Student_393,student393@college.edu,REG20230393,B.Tech,ECE,1,A,Dr. Rao,Prof. Kumar,ABC Engineering College,XYZ University,6.58,79.55,4,86.64,7,5,18,0,70,0,2,1,Medium
S0394,Student_394,student394@college.edu,REG20230394,B.Tech,MECH,4,A,Dr. Sharma,Prof. Kumar,ABC Engineering College,XYZ University,6.48,46.53,1,84.17,6,5,2,1,23,0,1,2,Medium
S0395,Student_395,student395@college.edu,REG20230395,B.Tech,CSE,2,B,Dr. Mehta,Prof. Singh,ABC Engineering College,XYZ University,6.6,78.19,2,53.56,14,2,10,1,87,0,3,5,Medium
S0396,Student_396,student396@college.edu,REG20230396,M.Tech,CSE,1,C,Dr. Rao,Prof. Kumar,ABC Engineering College,XYZ University,7.42,69.89,2,75.12,22,2,19,1,11,1,2,3,Medium
S0397,Student_397,student397@college.edu,REG20230397,M.Tech,CIVIL,1,C,Dr. Sharma,Prof. Singh,ABC Engineering College,XYZ University,6.58,64.4,3,66.53,13,7,18,0,67,1,2,4,Medium
S0398,Student_398,student398@college.edu,REG20230398,MBA,MECH,3,B,Dr. Rao,Prof. Singh,ABC Engineering College,XYZ University,6.46,97.18,5,53.57,7,7,8,0,46,0,3,3,Medium
S0399,Student_399,student399@college.edu,REG20230399,MBA,CSE,1,A,Dr. Sharma,Prof. Singh,ABC Engineering College,XYZ University,6.61,71.35,1,89.37,11,6,9,1,46,1,2,2,Medium
S0400,Student_400,student400@college.edu,REG20230400,MBA,MECH,2,A,Dr. Mehta,Prof. Kumar,ABC Engineering College,XYZ University,7.25,53.15,3,36.39,12,9,1,1,63,1,5,2,High
S0401,Student_401,student401@college.edu,REG20230401,M.Tech,ECE,2,A,Dr. Rao,Prof. Singh,ABC Engineering College,XYZ University,6.95,67.54,1,48.9,10,3,0,1,24,1,3,1,Low
S0402,Student_402,student402@college.edu,REG20230402,M.Tech,EEE,3,A,Dr. Sharma,Prof. Singh,ABC Engineering College,XYZ University,8.7,95.16,3,63.6,16,3,15,0,77,0,2,1,Low
S0403,Student_403,student403@college.edu,REG20230403,MBA,CSE,2,C,Dr. Rao,Prof. Singh,ABC Engineering College,XYZ University,4.27,50.57,2,63.71,16,2,17,1,21,1,1,2,Medium
S0404,Student_404,student404@college.edu,REG20230404,MBA,CIVIL,4,C,Dr. Rao,Prof. Singh,ABC Engineering College,XYZ University,8.58,52.84,4,67.39,23,4,16,1,31,0,1,5,Medium
S0405,Student_405,student405@college.edu,REG20230405,M.Tech,ECE,2,B,Dr. Mehta,Prof. Singh,ABC Engineering College,XYZ University,8.64,40.78,3,76.34,3,2,5,1,51,0,5,5,Medium
S0406,Student_406,student406@college.edu,REG20230406,MBA,MECH,2,B,Dr. Rao,Prof. Kumar,ABC Engineering College,XYZ University,5.57,40.85,1,69.29,20,7,13,0,6,1,3,4,High
S0407,Student_407,student407@college.edu,REG20230407,B.Tech,ECE,1,C,Dr. Sharma,Prof. Singh,ABC Engineering College,XYZ University,6.55,89.76,1,68.02,7,6,14,1,67,0,2,1,Low
S0408,Student_408,student408@college.edu,REG20230408,M.Tech,CSE,1,C,Dr. Sharma,Prof. Singh,ABC Engineering College,XYZ University,6.41,83.93,5,37.94,4,2,13,1,66,1,2,4,Medium
S0409,Student_409,student409@college.edu,REG20230409,MBA,MECH,2,A,Dr. Sharma,Prof. Kumar,ABC Engineering College,XYZ University,5.2,61.3,2,55.71,15,8,2,0,104,0,1,1,Medium
S0410,Student_410,student410@college.edu,REG20230410,M.Tech,EEE,3,A,Dr. Sharma,Prof. Singh,ABC Engineering College,XYZ University,6.18,81.9,1,47.76,3,4,18,0,23,0,5,2,Medium
S0411,Student_411,student411@college.edu,REG20230411,B.Tech,ECE,1,B,Dr. Mehta,Prof. Kumar,ABC Engineering College,XYZ University,4.24,63.71,0,49.6,21,8,11,1,21,1,1,5,Medium
S0412,Student_412,student412@college.edu,REG20230412,M.Tech,CSE,3,C,Dr. Rao,Prof. Singh,ABC Engineering College,XYZ University,5.53,97.17,4,65.49,14,6,1,0,73,0,1,5,Medium
S0413,Student_413,student413@college.edu,REG20230413,M.Tech,CIVIL,2,B,Dr. Mehta,Prof. Kumar,ABC Engineering College,XYZ University,8.49,98.02,3,45.97,11,6,2,1,43,0,5,2,Medium
S0414,Student_414,student414@college.edu,REG20230414,M.Tech,MECH,2,C,Dr. Rao,Prof. Kumar,ABC Engineering College,XYZ University,5.57,63.57,5,51.17,4,5,17,0,86,0,3,4,High
S0415,Student_415,student415@college.edu,REG20230415,M.Tech,ECE,4,A,Dr. Rao,Prof. Singh,ABC Engineering College,XYZ University,8.5,91.25,4,48.04,22,1,0,0,75,1,2,4,Medium
S0416,Student_416,student416@college.edu,REG20230416,B.Tech,ECE,1,B,Dr. Rao,Prof. Singh,ABC Engineering College,XYZ University,6.92,86.39,2,87.17,15,8,19,1,85,1,3,3,Medium
S0417,Student_417,student417@college.edu,REG20230417,M.Tech,EEE,2,B,Dr. Mehta,Prof. Singh,ABC Engineering College,XYZ University,8.84,58.6,5,86.96,13,5,5,1,43,0,4,1,Medium
S0418,Student_418,student418@college.edu,REG20230418,M.Tech,EEE,4,C,Dr. Rao,Prof. Kumar,ABC Engineering College,XYZ University,7.16,53.92,3,68.55,9,7,4,1,40,0,4,4,High
S0419,Student_419,student419@college.edu,REG20230419,MBA,CIVIL,1,A,Dr. Mehta,Prof. Kumar,ABC Engineering College,XYZ University,4.16,67.49,3,85.85,6,0,0,0,44,0,4,2,Medium
S0420,Student_420,student420@college.edu,REG20230420,M.Tech,CIVIL,2,B,Dr. Sharma,Prof. Kumar,ABC Engineering College,XYZ University,7.71,86.88,0,78.22,12,4,18,1,49,1,5,4,Medium
S0421,Student_421,student421@college.edu,REG20230421,MBA,CSE,2,A,Dr. Sharma,Prof. Singh,ABC Engineering College,XYZ University,4.25,97.61,2,67.45,19,0,0,1,8,1,1,5,Low
S0422,Student_422,student422@college.edu,REG20230422,B.Tech,CSE,1,B,Dr. Rao,Prof. Kumar,ABC Engineering College,XYZ University,6.48,85.81,5,35.35,4,9,15,1,106,0,3,1,High
S0423,Student_423,student423@college.edu,REG20230423,B.Tech,CIVIL,1,A,Dr. Mehta,Prof. Kumar,ABC Engineering College,XYZ University,9.11,91.31,5,77.49,2,7,11,1,29,1,2,3,Medium
S0424,Student_424,student424@college.edu,REG20230424,B.Tech,CIVIL,1,C,Dr. Sharma,Prof. Singh,ABC Engineering College,XYZ University,4.91,76.18,1,73.64,14,7,7,1,73,1,4,1,Medium
S0425,Student_425,student425@college.edu,REG20230425,B.Tech,MECH,2,B,Dr. Mehta,Prof. Kumar,ABC Engineering College,XYZ University,6.14,90.12,0,68.84,3,0,15,0,34,1,3,5,Low
S0426,Student_426,student426@college.edu,REG20230426,MBA,EEE,2,B,Dr. Mehta,Prof. Kumar,ABC Engineering College,XYZ University,8.01,87.07,0,76.82,14,8,0,1,80,1,4,5,Medium
S0427,Student_427,student427@college.edu,REG20230427,M.Tech,CSE,4,A,Dr. Rao,Prof. Singh,ABC Engineering College,XYZ University,8.85,62.62,5,63.21,13,1,3,1,72,0,4,5,Medium
S0428,Student_428,student428@college.edu,REG20230428,B.Tech,EEE,3,A,Dr. Sharma,Prof. Kumar,ABC Engineering College,XYZ University,7.69,73.12,5,73.72,19,8,9,0,92,1,2,5,High
S0429,Student_429,student429@college.edu,REG20230429,M.Tech,EEE,1,B,Dr. Rao,Prof. Singh,ABC Engineering College,XYZ University,5.42,88.29,4,86.43,18,0,10,1,33,1,5,2,Medium
S0430,Student_430,student430@college.edu,REG20230430,MBA,CIVIL,2,C,Dr. Rao,Prof. Singh,ABC Engineering College,XYZ University,7.71,42.76,4,55.67,12,9,16,1,77,0,1,3,High
S0431,Student_431,student431@college.edu,REG20230431,MBA,MECH,2,A,Dr. Sharma,Prof. Singh,ABC Engineering College,XYZ University,5.63,88.48,4,73.95,9,8,6,1,72,0,5,5,High
S0432,Student_432,student432@college.edu,REG20230432,MBA,ECE,1,A,Dr. Sharma,Prof. Singh,ABC Engineering College,XYZ University,7.95,50.67,0,61.16,20,3,11,1,55,1,3,5,Medium
S0433,Student_433,student433@college.edu,REG20230433,B.Tech,MECH,3,A,Dr. Mehta,Prof. Singh,ABC Engineering College,XYZ University,9.25,70.88,1,72.09,4,8,6,1,28,1,5,4,Medium
S0434,Student_434,student434@college.edu,REG20230434,M.Tech,MECH,1,B,Dr. Sharma,Prof. Kumar,ABC Engineering College,XYZ University,7.97,88.5,3,76.96,22,6,11,0,18,0,3,3,Medium
S0435,Student_435,student435@college.edu,REG20230435,M.Tech,EEE,3,B,Dr. Mehta,Prof. Kumar,ABC Engineering College,XYZ University,8.75,55.23,4,37.5,19,5,14,0,73,0,3,1,Medium
S0436,Student_436,student436@college.edu,REG20230436,M.Tech,MECH,2,B,Dr. Mehta,Prof. Singh,ABC Engineering College,XYZ University,4.01,54.75,1,70.56,19,4,1,0,22,0,1,3,Medium
S0437,Student_437,student437@college.edu,REG20230437,MBA,CSE,3,B,Dr. Mehta,Prof. Singh,ABC Engineering College,XYZ University,7.95,64.17,2,47.47,24,8,13,1,46,1,2,3,Medium
S0438,Student_438,student438@college.edu,REG20230438,B.Tech,EEE,4,C,Dr. Sharma,Prof. Kumar,ABC Engineering College,XYZ University,8.56,93.68,4,71.85,5,1,12,0,61,1,1,3,Low
S0439,Student_439,student439@college.edu,REG20230439,MBA,CSE,2,C,Dr. Rao,Prof. Singh,ABC Engineering College,XYZ University,4.22,40.03,3,60.76,3,1,3,1,87,0,5,5,High
S0440,Student_440,student440@college.edu,REG20230440,MBA,ECE,4,B,Dr. Mehta,Prof. Singh,ABC Engineering College,XYZ University,8.79,94.08,2,77.55,1,8,13,1,16,1,3,5,Medium
S0441,Student_441,student441@college.edu,REG20230441,M.Tech,EEE,1,C,Dr. Rao,Prof. Singh,ABC Engineering College,XYZ University,5.41,49.23,2,41.79,21,2,13,1,86,0,4,2,Medium
S0442,Student_442,student442@college.edu,REG20230442,MBA,ECE,1,A,Dr. Rao,Prof. Kumar,ABC Engineering College,XYZ University,7.66,99.41,3,69.45,15,7,15,0,21,1,4,1,Medium
S0443,Student_443,student443@college.edu,REG20230443,M.Tech,EEE,1,A,Dr. Sharma,Prof. Kumar,ABC Engineering College,XYZ University,8.4,97.29,4,50.32,17,8,6,0,34,0,3,4,Medium
S0444,Student_444,student444@college.edu,REG20230444,B.Tech,CIVIL,3,A,Dr. Rao,Prof. Singh,ABC Engineering College,XYZ University,7.64,69.68,0,81.91,4,7,18,0,92,0,1,3,Medium
S0445,Student_445,student445@college.edu,REG20230445,M.Tech,MECH,2,B,Dr. Rao,Prof. Singh,ABC Engineering College,XYZ University,4.51,70.76,3,86.06,21,3,1,1,79,1,2,1,Medium
S0446,Student_446,student446@college.edu,REG20230446,B.Tech,CIVIL,1,A,Dr. Sharma,Prof. Kumar,ABC Engineering College,XYZ University,7.28,68.89,3,89.8,3,0,9,0,103,1,1,1,Low
S0447,Student_447,student447@college.edu,REG20230447,M.Tech,ECE,1,C,Dr. Mehta,Prof. Kumar,ABC Engineering College,XYZ University,7.02,78.13,3,78.78,12,3,17,1,27,1,3,2,Medium
S0448,Student_448,student448@college.edu,REG20230448,MBA,MECH,2,B,Dr. Rao,Prof. Singh,ABC Engineering College,XYZ University,8.95,45.44,2,76.46,18,8,16,0,85,1,3,4,Medium
S0449,Student_449,student449@college.edu,REG20230449,MBA,EEE,1,C,Dr. Sharma,Prof. Singh,ABC Engineering College,XYZ University,6.22,41.96,1,46.85,22,1,4,0,5,1,2,3,Medium
S0450,Student_450,student450@college.edu,REG20230450,B.Tech,MECH,4,A,Dr. Rao,Prof. Kumar,ABC Engineering College,XYZ University,5.77,43.46,0,53.48,1,2,11,1,83,1,5,4,Medium
S0451,Student_451,student451@college.edu,REG20230451,B.Tech,CSE,2,A,Dr. Rao,Prof. Kumar,ABC Engineering College,XYZ University,8.12,66.66,4,60.61,12,9,5,1,36,0,5,2,High
S0452,Student_452,student452@college.edu,REG20230452,B.Tech,MECH,2,A,Dr. Mehta,Prof. Kumar,ABC Engineering College,XYZ University,6.27,56.53,4,77.54,10,7,8,0,13,1,2,5,High
S0453,Student_453,student453@college.edu,REG20230453,M.Tech,CSE,2,B,Dr. Rao,Prof. Singh,ABC Engineering College,XYZ University,7.55,77.32,1,85.32,21,5,19,0,19,0,5,1,Medium
S0454,Student_454,student454@college.edu,REG20230454,M.Tech,MECH,4,C,Dr. Sharma,Prof. Kumar,ABC Engineering College,XYZ University,7.56,99.55,3,45.4,3,7,0,0,32,0,4,3,Medium
S0455,Student_455,student455@college.edu,REG20230455,B.Tech,CSE,2,B,Dr. Rao,Prof. Singh,ABC Engineering College,XYZ University,8.88,63.18,0,85.73,21,6,14,1,28,1,5,5,Medium
S0456,Student_456,student456@college.edu,REG20230456,MBA,ECE,4,B,Dr. Mehta,Prof. Kumar,ABC Engineering College,XYZ University,7.29,74.43,4,73.26,19,4,5,1,64,0,5,2,Medium
S0457,Student_457,student457@college.edu,REG20230457,M.Tech,CIVIL,2,A,Dr. Mehta,Prof. Kumar,ABC Engineering College,XYZ University,6.76,64.94,5,68.59,19,8,18,0,39,0,5,4,High
S0458,Student_458,student458@college.edu,REG20230458,M.Tech,EEE,3,B,Dr. Sharma,Prof. Kumar,ABC Engineering College,XYZ University,4.76,90.84,4,45.99,14,3,17,0,90,1,4,1,Medium
S0459,Student_459,student459@college.edu,REG20230459,M.Tech,MECH,1,B,Dr. Mehta,Prof. Kumar,ABC Engineering College,XYZ University,4.64,94.13,3,38.05,3,5,5,1,31,1,5,3,Medium
S0460,Student_460,student460@college.edu,REG20230460,B.Tech,CIVIL,3,A,Dr. Rao,Prof. Singh,ABC Engineering College,XYZ University,4.85,92.64,5,66.27,8,1,12,0,87,1,4,5,Medium
S0461,Student_461,student461@college.edu,REG20230461,B.Tech,EEE,1,B,Dr. Mehta,Prof. Singh,ABC Engineering College,XYZ University,4.95,98.46,1,70.83,6,1,0,1,113,0,2,5,Low
S0462,Student_462,student462@college.edu,REG20230462,B.Tech,EEE,4,A,Dr. Sharma,Prof. Kumar,ABC Engineering College,XYZ University,7.51,41.65,0,46.59,18,1,12,1,80,1,1,1,Low
S0463,Student_463,student463@college.edu,REG20230463,B.Tech,CSE,3,A,Dr. Mehta,Prof. Singh,ABC Engineering College,XYZ University,8.08,90.39,1,65.61,18,9,6,1,24,1,2,4,Medium
S0464,Student_464,student464@college.edu,REG20230464,B.Tech,ECE,2,A,Dr. Mehta,Prof. Kumar,ABC Engineering College,XYZ University,6.91,85.11,1,82.11,5,6,14,1,69,1,1,2,Medium
S0465,Student_465,student465@college.edu,REG20230465,MBA,ECE,1,A,Dr. Mehta,Prof. Kumar,ABC Engineering College,XYZ University,8.56,53.72,0,80.93,5,1,11,1,89,1,2,4,Low
S0466,Student_466,student466@college.edu,REG20230466,MBA,CIVIL,1,B,Dr. Sharma,Prof. Kumar,ABC Engineering College,XYZ University,9.45,97.38,0,86.0,19,1,0,1,53,0,1,4,Low
S0467,Student_467,student467@college.edu,REG20230467,B.Tech,ECE,3,A,Dr. Mehta,Prof. Kumar,ABC Engineering College,XYZ University,8.51,48.89,4,55.12,14,8,14,0,113,1,1,4,High
S0468,Student_468,student468@college.edu,REG20230468,M.Tech,MECH,4,A,Dr. Mehta,Prof. Singh,ABC Engineering College,XYZ University,7.82,80.77,4,52.49,14,6,3,1,5,0,3,1,Medium
S0469,Student_469,student469@college.edu,REG20230469,B.Tech,ECE,3,B,Dr. Rao,Prof. Kumar,ABC Engineering College,XYZ University,6.93,53.49,0,76.22,24,2,12,1,14,1,1,1,Low
S0470,Student_470,student470@college.edu,REG20230470,MBA,CIVIL,4,B,Dr. Sharma,Prof. Kumar,ABC Engineering College,XYZ University,6.47,65.88,5,58.71,19,2,4,0,51,0,1,2,Medium
S0471,Student_471,student471@college.edu,REG20230471,MBA,ECE,4,C,Dr. Mehta,Prof. Singh,ABC Engineering College,XYZ University,4.46,83.15,2,39.82,8,6,1,1,63,0,3,4,Medium
S0472,Student_472,student472@college.edu,REG20230472,M.Tech,MECH,1,B,Dr. Sharma,Prof. Kumar,ABC Engineering College,XYZ University,6.2,73.8,4,50.55,3,4,0,0,100,0,5,1,Medium
S0473,Student_473,student473@college.edu,REG20230473,MBA,CSE,3,B,Dr. Mehta,Prof. Kumar,ABC Engineering College,XYZ University,9.01,65.65,2,58.02,17,9,15,1,66,1,5,2,Medium
S0474,Student_474,student474@college.edu,REG20230474,B.Tech,CIVIL,3,C,Dr. Mehta,Prof. Kumar,ABC Engineering College,XYZ University,8.44,59.58,5,51.09,17,5,5,0,107,0,3,2,Medium
S0475,Student_475,student475@college.edu,REG20230475,M.Tech,CSE,4,B,Dr. Mehta,Prof. Singh,ABC Engineering College,XYZ University,5.19,90.38,0,53.27,4,7,15,0,90,1,4,4,Medium
S0476,Student_476,student476@college.edu,REG20230476,B.Tech,CSE,3,B,Dr. Rao,Prof. Kumar,ABC Engineering College,XYZ University,6.57,48.63,5,51.16,19,8,13,1,22,1,1,3,High
S0477,Student_477,student477@college.edu,REG20230477,B.Tech,CSE,2,B,Dr. Rao,Prof. Singh,ABC Engineering College,XYZ University,8.49,65.81,4,37.28,22,0,2,1,116,1,1,4,Medium
S0478,Student_478,student478@college.edu,REG20230478,M.Tech,EEE,2,B,Dr. Rao,Prof. Kumar,ABC Engineering College,XYZ University,4.37,94.23,1,70.04,10,2,14,1,50,1,3,3,Medium
S0479,Student_479,student479@college.edu,REG20230479,B.Tech,EEE,3,C,Dr. Sharma,Prof. Kumar,ABC Engineering College,XYZ University,6.13,90.75,0,67.85,4,6,2,1,36,1,3,2,Medium
S0480,Student_480,student480@college.edu,REG20230480,MBA,CSE,3,B,Dr. Sharma,Prof. Singh,ABC Engineering College,XYZ University,8.69,64.06,3,70.94,21,5,1,0,31,0,4,1,Medium
S0481,Student_481,student481@college.edu,REG20230481,B.Tech,CIVIL,4,B,Dr. Rao,Prof. Kumar,ABC Engineering College,XYZ University,6.22,85.79,2,45.58,3,6,0,0,96,1,5,5,Medium
S0482,Student_482,student482@college.edu,REG20230482,M.Tech,MECH,2,C,Dr. Sharma,Prof. Kumar,ABC Engineering College,XYZ University,4.43,89.39,5,51.26,11,7,8,0,22,0,2,2,High
S0483,Student_483,student483@college.edu,REG20230483,M.Tech,MECH,2,A,Dr. Mehta,Prof. Singh,ABC Engineering College,XYZ University,6.98,93.33,0,69.08,1,5,8,1,43,0,5,1,Low
S0484,Student_484,student484@college.edu,REG20230484,M.Tech,ECE,1,C,Dr. Mehta,Prof. Singh,ABC Engineering College,XYZ University,8.74,72.67,5,67.98,12,2,6,0,53,0,1,2,Medium
S0485,Student_485,student485@college.edu,REG20230485,B.Tech,CIVIL,4,A,Dr. Mehta,Prof. Singh,ABC Engineering College,XYZ University,7.25,52.27,0,62.85,9,1,2,1,97,0,3,4,Medium
S0486,Student_486,student486@college.edu,REG20230486,M.Tech,EEE,1,C,Dr. Rao,Prof. Singh,ABC Engineering College,XYZ University,5.24,55.32,4,54.27,8,6,17,1,86,0,4,3,High
S0487,Student_487,student487@college.edu,REG20230487,M.Tech,CSE,2,C,Dr. Sharma,Prof. Singh,ABC Engineering College,XYZ University,6.11,57.74,4,85.21,9,0,10,0,48,0,5,2,Medium
S0488,Student_488,student488@college.edu,REG20230488,B.Tech,ECE,4,B,Dr. Rao,Prof. Kumar,ABC Engineering College,XYZ University,6.48,75.63,4,53.69,6,2,6,1,76,0,4,1,Medium
S0489,Student_489,student489@college.edu,REG20230489,MBA,MECH,3,A,Dr. Sharma,Prof. Singh,ABC Engineering College,XYZ University,7.19,41.97,5,60.06,3,3,8,0,58,1,5,4,High
S0490,Student_490,student490@college.edu,REG20230490,B.Tech,EEE,4,B,Dr. Mehta,Prof. Kumar,ABC Engineering College,XYZ University,8.18,78.16,3,72.3,18,0,0,1,99,0,1,5,Low
S0491,Student_491,student491@college.edu,REG20230491,M.Tech,EEE,3,A,Dr. Rao,Prof. Kumar,ABC Engineering College,XYZ University,4.54,61.86,4,64.87,9,4,13,0,38,1,2,4,High
S0492,Student_492,student492@college.edu,REG20230492,M.Tech,CSE,3,C,Dr. Sharma,Prof. Kumar,ABC Engineering College,XYZ University,8.89,57.71,0,54.08,2,9,19,1,75,0,4,3,Medium
S0493,Student_493,student493@college.edu,REG20230493,B.Tech,MECH,4,C,Dr. Sharma,Prof. Singh,ABC Engineering College,XYZ University,4.07,92.77,4,58.96,24,2,5,0,40,0,4,4,Medium
S0494,Student_494,student494@college.edu,REG20230494,MBA,CIVIL,3,A,Dr. Mehta,Prof. Singh,ABC Engineering College,XYZ University,6.04,67.6,1,78.7,20,1,6,0,22,0,2,5,Medium
S0495,Student_495,student495@college.edu,REG20230495,M.Tech,EEE,1,B,Dr. Rao,Prof. Kumar,ABC Engineering College,XYZ University,4.15,45.7,4,50.3,18,2,9,1,42,0,4,1,Medium
S0496,Student_496,student496@college.edu,REG20230496,M.Tech,CSE,2,B,Dr. Rao,Prof. Singh,ABC Engineering College,XYZ University,6.16,89.6,5,42.82,20,7,6,1,63,1,4,2,High
S0497,Student_497,student497@college.edu,REG20230497,M.Tech,CIVIL,3,B,Dr. Rao,Prof. Singh,ABC Engineering College,XYZ University,6.89,42.86,3,52.22,1,5,1,0,13,1,5,3,High
S0498,Student_498,student498@college.edu,REG20230498,B.Tech,MECH,1,B,Dr. Mehta,Prof. Singh,ABC Engineering College,XYZ University,6.81,83.6,1,81.72,19,6,3,1,77,1,5,5,Medium
S0499,Student_499,student499@college.edu,REG20230499,M.Tech,EEE,3,C,Dr. Rao,Prof. Singh,ABC Engineering College,XYZ University,4.91,86.43,5,39.89,9,5,16,1,114,0,2,3,Medium
S0500,Student_500,student500@college.edu,REG20230500,MBA,CIVIL,2,C,Dr. Mehta,Prof. Kumar,ABC Engineering College,XYZ University,7.55,61.16,5,89.54,1,5,0,1,76,0,1,4,Medium
